-- ========================================
-- 3位老人的完整虚拟数据
-- 生成时间: 2025-11-27 00:38:47
-- ========================================

-- elder_info 表数据

INSERT INTO elder_info (id, name, gender, birthday, age, phone, address, height_cm, chronic_tags, status, remark, created_at, updated_at) VALUES

(1, '张秀英', 0, '1945-03-12', 79, '13812345678', '广州市天河区天福路88号颐康花园小区3栋502', 155.2, '高血压;2型糖尿病', 1, '行动稍慢，需扶手；日常能自理，女儿偶尔陪同复查', '2024-01-01 09:00:00', '2024-01-15 10:00:00'),
(2, '李强', 1, '1948-11-25', 76, '13987654321', '广州市天河区天福路88号颐康花园小区3栋402', 167.8, '高血压', 1, '有30年以上吸烟史，已在逐步减量；偶尔晨练太极', '2024-01-01 09:00:00', '2024-01-15 10:00:00'),
(3, '王磊', 1, '1952-07-03', 72, '13755556666', '广州市天河区天福路88号颐康花园小区2栋1203', 170.5, '高脂血症', 1, 'BMI略高，体重控制一般；喜欢晚间散步45分钟', '2024-01-01 09:00:00', '2024-01-15 10:00:00')
;

-- user_account 表数据

INSERT INTO user_account (id, username, password_hash, role, display_name, phone, email, status, last_login_at, created_at, updated_at) VALUES

(1, '13812345678', '$2b$12$example_hash_here', 'ELDER', '张秀英', '13812345678', 'elder1@example.com', 1, '2024-09-05 07:53:23', '2024-01-01 09:00:00', '2024-01-01 09:00:00'),
(2, '13812345679', '$2b$12$example_hash_here', 'FAMILY', '张秀英女儿', '13812345679', 'family1@example.com', 1, '2024-02-13 05:40:50', '2024-01-01 09:00:00', '2024-01-01 09:00:00'),
(3, '13800000001', '$2b$12$example_hash_here', 'COMMUNITY', '社区医生-王医生', '13800000001', 'doctor@community.com', 1, '2024-01-10 17:07:01', '2024-01-01 09:00:00', '2024-01-01 09:00:00'),
(4, '13987654321', '$2b$12$example_hash_here', 'ELDER', '李强', '13987654321', 'elder2@example.com', 1, '2024-10-14 23:45:05', '2024-01-01 09:00:00', '2024-01-01 09:00:00'),
(5, '13987654322', '$2b$12$example_hash_here', 'FAMILY', '李强儿子', '13987654322', 'family2@example.com', 1, '2024-04-16 19:27:32', '2024-01-01 09:00:00', '2024-01-01 09:00:00'),
(6, '13755556666', '$2b$12$example_hash_here', 'ELDER', '王磊', '13755556666', 'elder3@example.com', 1, '2024-04-05 02:33:27', '2024-01-01 09:00:00', '2024-01-01 09:00:00')
;

-- elder_user_relation 表数据

INSERT INTO elder_user_relation (id, elder_id, user_id, relation_type, is_primary, created_at) VALUES

(1, 1, 1, 'SELF', 1, '2024-01-01 09:00:00'),
(2, 1, 2, 'CHILD', 0, '2024-01-01 09:00:00'),
(3, 1, 3, 'DOCTOR', 0, '2024-01-01 09:00:00'),
(4, 2, 4, 'SELF', 1, '2024-01-01 09:00:00'),
(5, 2, 5, 'CHILD', 0, '2024-01-01 09:00:00'),
(6, 2, 3, 'DOCTOR', 0, '2024-01-01 09:00:00'),
(7, 3, 6, 'SELF', 1, '2024-01-01 09:00:00'),
(8, 3, 3, 'DOCTOR', 0, '2024-01-01 09:00:00')
;

-- health_record 表数据

INSERT INTO health_record (id, elder_id, tester_code, check_time, phone, age, spo2, spo2_status, heart_rate, heart_rate_status, diastolic_bp, diastolic_bp_status, systolic_bp, systolic_bp_status, pulse_rate, pulse_rate_status, blood_sugar, blood_sugar_status, uric_acid, body_temperature, health_risk_level, potential_risk_note, sleep_hours, steps, weight_kg, data_source, created_at, updated_at) VALUES

(1, 1, 'RCDJKUSER0006', '2024-01-01 09:06:00', '13812345678', 79, 95, '正常', 73, '正常', 97, '高血压', 151, '高血压', 76, '正常', 9.3, '高血糖', 300, 36.7, '中度风险', '血压明显偏高；血糖控制不佳', 6.9, 5574, 58.9, 'IMPORT', '2024-01-01 09:06:00', '2024-01-01 09:12:00'),
(2, 1, 'RCDJKUSER0002', '2024-01-08 18:42:00', '13812345678', 79, 97, '正常', 92, '正常', 104, '高血压', 179, '高血压', 89, '正常', 6.2, '偏高', 370, 36.7, '轻度风险', '血压明显偏高', 6.0, 4093, 59.1, 'IMPORT', '2024-01-08 18:42:00', '2024-01-08 19:02:00'),
(3, 1, 'RCDJKUSER0010', '2024-01-21 08:10:00', '13812345678', 79, 97, '正常', 72, '正常', 109, '高血压', 176, '高血压', 74, '正常', 9.1, '高血糖', 360, 37.0, '中度风险', '血压明显偏高；血糖控制不佳', 6.5, 3271, 57.6, 'IMPORT', '2024-01-21 08:10:00', '2024-01-21 08:20:00'),
(4, 1, 'RCDJKUSER0002', '2024-01-25 10:25:00', '13812345678', 79, 100, '正常', 72, '正常', 90, '高血压', 148, '高血压', 74, '正常', 9.2, '高血糖', 382, 36.5, '中度风险', '血糖控制不佳', 6.4, 3566, 58.5, 'MANUAL', '2024-01-25 10:25:00', '2024-01-25 10:52:00'),
(5, 1, 'RCDJKUSER0006', '2024-02-08 08:50:00', '13812345678', 79, 99, '正常', 79, '正常', 97, '高血压', 152, '高血压', 80, '正常', 11.2, '高血糖', 309, 36.8, '中度风险', '血压明显偏高；血糖控制不佳', 7.2, 5199, 59.3, 'MANUAL', '2024-02-08 08:50:00', '2024-02-08 08:59:00'),
(6, 1, 'RCDJKUSER0009', '2024-02-17 10:00:00', '13812345678', 79, 92, '偏低', 81, '正常', 103, '高血压', 178, '高血压', 78, '正常', 8.5, '高血糖', 319, 36.6, '高风险', '血压明显偏高；血糖控制不佳；血氧偏低', 6.4, 3661, 58.6, 'MANUAL', '2024-02-17 10:00:00', '2024-02-17 10:19:00'),
(7, 1, 'RCDJKUSER0003', '2024-02-25 07:07:00', '13812345678', 79, 92, '偏低', 95, '正常', 97, '高血压', 147, '高血压', 92, '正常', 8.9, '高血糖', 312, 36.7, '高风险', '血糖控制不佳；血氧偏低', 5.8, 4946, 59.8, 'DEVICE', '2024-02-25 07:07:00', '2024-02-25 07:23:00'),
(8, 1, 'RCDJKUSER0001', '2024-03-01 21:13:00', '13812345678', 79, 91, '偏低', 79, '正常', 85, '偏高', 131, '偏高', 80, '正常', 7.1, '高血糖', 338, 36.5, '中度风险', '血氧偏低', 7.0, 3029, 57.2, 'MANUAL', '2024-03-01 21:13:00', '2024-03-01 21:15:00'),
(9, 1, 'RCDJKUSER0007', '2024-03-15 20:04:00', '13812345678', 79, 97, '正常', 88, '正常', 82, '偏高', 128, '偏高', 89, '正常', 8.0, '高血糖', 304, 36.5, '轻度风险', '血糖控制不佳', 5.7, 4765, 58.1, 'DEVICE', '2024-03-15 20:04:00', '2024-03-15 20:31:00'),
(10, 1, 'RCDJKUSER0009', '2024-03-23 18:03:00', '13812345678', 79, 97, '正常', 71, '正常', 83, '偏高', 126, '偏高', 69, '正常', 8.2, '高血糖', 299, 36.4, '轻度风险', '血糖控制不佳', 6.6, 5254, 57.3, 'MANUAL', '2024-03-23 18:03:00', '2024-03-23 18:05:00'),
(11, 1, 'RCDJKUSER0009', '2024-03-29 19:10:00', '13812345678', 79, 98, '正常', 70, '正常', 88, '高血压', 152, '高血压', 70, '正常', 11.5, '高血糖', 353, 36.7, '中度风险', '血压明显偏高；血糖控制不佳', 6.6, 5992, 60.0, 'IMPORT', '2024-03-29 19:10:00', '2024-03-29 19:32:00'),
(12, 1, 'RCDJKUSER0003', '2024-04-07 08:18:00', '13812345678', 79, 95, '正常', 88, '正常', 88, '高血压', 157, '高血压', 87, '正常', 9.1, '高血糖', 320, 36.8, '中度风险', '血压明显偏高；血糖控制不佳', 5.6, 5080, 57.2, 'MANUAL', '2024-04-07 08:18:00', '2024-04-07 08:37:00'),
(13, 1, 'RCDJKUSER0007', '2024-04-16 08:25:00', '13812345678', 79, 99, '正常', 84, '正常', 88, '高血压', 159, '高血压', 81, '正常', 9.3, '高血糖', 332, 36.8, '中度风险', '血压明显偏高；血糖控制不佳', 7.2, 4286, 57.7, 'MANUAL', '2024-04-16 08:25:00', '2024-04-16 08:46:00'),
(14, 1, 'RCDJKUSER0009', '2024-04-26 21:20:00', '13812345678', 79, 90, '偏低', 67, '正常', 89, '高血压', 158, '高血压', 68, '正常', 11.7, '高血糖', 342, 36.5, '高风险', '血压明显偏高；血糖控制不佳；血氧偏低', 6.4, 3646, 58.3, 'IMPORT', '2024-04-26 21:20:00', '2024-04-26 21:29:00'),
(15, 1, 'RCDJKUSER0005', '2024-05-05 18:42:00', '13812345678', 79, 97, '正常', 73, '正常', 103, '高血压', 167, '高血压', 70, '正常', 7.7, '高血糖', 333, 37.0, '中度风险', '血压明显偏高', 7.3, 3833, 59.1, 'IMPORT', '2024-05-05 18:42:00', '2024-05-05 18:57:00'),
(16, 1, 'RCDJKUSER0009', '2024-05-17 07:05:00', '13812345678', 79, 97, '正常', 69, '正常', 100, '高血压', 150, '高血压', 71, '正常', 8.8, '高血糖', 282, 37.4, '中度风险', '血压明显偏高；血糖控制不佳', 5.8, 5830, 59.7, 'MANUAL', '2024-05-17 07:05:00', '2024-05-17 07:31:00'),
(17, 1, 'RCDJKUSER0004', '2024-05-27 08:27:00', '13812345678', 79, 97, '正常', 93, '正常', 88, '高血压', 165, '高血压', 92, '正常', 9.0, '高血糖', 384, 36.5, '中度风险', '血压明显偏高；血糖控制不佳', 7.9, 3633, 59.8, 'MANUAL', '2024-05-27 08:27:00', '2024-05-27 08:52:00'),
(18, 1, 'RCDJKUSER0004', '2024-06-01 21:01:00', '13812345678', 79, 97, '正常', 73, '正常', 83, '偏高', 131, '偏高', 71, '正常', 6.8, '偏高', 336, 36.4, '正常', '无', 6.0, 4885, 58.0, 'MANUAL', '2024-06-01 21:01:00', '2024-06-01 21:01:00'),
(19, 1, 'RCDJKUSER0005', '2024-06-14 21:21:00', '13812345678', 79, 95, '正常', 85, '正常', 106, '高血压', 170, '高血压', 86, '正常', 9.3, '高血糖', 309, 37.2, '中度风险', '血压明显偏高；血糖控制不佳', 7.7, 4069, 57.5, 'MANUAL', '2024-06-14 21:21:00', '2024-06-14 21:24:00'),
(20, 1, 'RCDJKUSER0007', '2024-06-20 09:46:00', '13812345678', 79, 98, '正常', 77, '正常', 81, '偏高', 133, '偏高', 78, '正常', 8.3, '高血糖', 417, 36.3, '轻度风险', '血糖控制不佳', 7.2, 5746, 57.6, 'MANUAL', '2024-06-20 09:46:00', '2024-06-20 10:16:00'),
(21, 1, 'RCDJKUSER0005', '2024-07-03 20:39:00', '13812345678', 79, 95, '正常', 86, '正常', 84, '偏高', 129, '偏高', 86, '正常', 7.5, '高血糖', 377, 36.9, '轻度风险', '无', 7.2, 3712, 58.8, 'DEVICE', '2024-07-03 20:39:00', '2024-07-03 20:56:00'),
(22, 1, 'RCDJKUSER0010', '2024-07-12 20:18:00', '13812345678', 79, 99, '正常', 79, '正常', 87, '偏高', 130, '偏高', 79, '正常', 6.9, '偏高', 323, 36.8, '正常', '无', 7.1, 4162, 58.5, 'DEVICE', '2024-07-12 20:18:00', '2024-07-12 20:20:00'),
(23, 1, 'RCDJKUSER0004', '2024-07-21 19:43:00', '13812345678', 79, 96, '正常', 80, '正常', 91, '高血压', 141, '高血压', 81, '正常', 8.6, '高血糖', 329, 36.4, '中度风险', '血糖控制不佳', 7.3, 4572, 58.5, 'MANUAL', '2024-07-21 19:43:00', '2024-07-21 20:03:00'),
(24, 1, 'RCDJKUSER0008', '2024-07-29 18:49:00', '13812345678', 79, 96, '正常', 66, '正常', 87, '偏高', 136, '偏高', 67, '正常', 9.0, '高血糖', 415, 37.1, '轻度风险', '血糖控制不佳', 8.0, 5438, 58.0, 'IMPORT', '2024-07-29 18:49:00', '2024-07-29 19:15:00'),
(25, 1, 'RCDJKUSER0005', '2024-08-07 21:53:00', '13812345678', 79, 98, '正常', 79, '正常', 87, '偏高', 136, '偏高', 78, '正常', 8.9, '高血糖', 404, 37.1, '轻度风险', '血糖控制不佳', 7.1, 4124, 58.3, 'MANUAL', '2024-08-07 21:53:00', '2024-08-07 22:01:00'),
(26, 1, 'RCDJKUSER0001', '2024-08-14 07:08:00', '13812345678', 79, 98, '正常', 67, '正常', 83, '偏高', 136, '偏高', 67, '正常', 7.5, '高血糖', 387, 36.8, '轻度风险', '无', 6.5, 5392, 59.8, 'IMPORT', '2024-08-14 07:08:00', '2024-08-14 07:20:00'),
(27, 1, 'RCDJKUSER0003', '2024-08-25 09:19:00', '13812345678', 79, 98, '正常', 90, '正常', 96, '高血压', 163, '高血压', 91, '正常', 8.2, '高血糖', 379, 36.7, '中度风险', '血压明显偏高；血糖控制不佳', 6.3, 5781, 59.4, 'DEVICE', '2024-08-25 09:19:00', '2024-08-25 09:48:00'),
(28, 1, 'RCDJKUSER0007', '2024-09-04 07:58:00', '13812345678', 79, 99, '正常', 69, '正常', 86, '偏高', 126, '偏高', 72, '正常', 7.5, '高血糖', 363, 36.3, '轻度风险', '无', 6.3, 4552, 57.8, 'DEVICE', '2024-09-04 07:58:00', '2024-09-04 08:24:00'),
(29, 1, 'RCDJKUSER0010', '2024-09-11 07:47:00', '13812345678', 79, 97, '正常', 95, '正常', 100, '高血压', 142, '高血压', 97, '正常', 9.1, '高血糖', 319, 36.3, '中度风险', '血糖控制不佳', 6.1, 4939, 59.0, 'MANUAL', '2024-09-11 07:47:00', '2024-09-11 08:01:00'),
(30, 1, 'RCDJKUSER0010', '2024-09-24 20:10:00', '13812345678', 79, 100, '正常', 95, '正常', 82, '偏高', 137, '偏高', 94, '正常', 8.7, '高血糖', 376, 36.3, '轻度风险', '血糖控制不佳', 6.5, 5928, 57.6, 'IMPORT', '2024-09-24 20:10:00', '2024-09-24 20:36:00'),
(31, 1, 'RCDJKUSER0006', '2024-10-03 18:44:00', '13812345678', 79, 100, '正常', 76, '正常', 80, '偏高', 126, '偏高', 77, '正常', 7.9, '高血糖', 387, 36.6, '轻度风险', '无', 7.6, 3432, 58.3, 'IMPORT', '2024-10-03 18:44:00', '2024-10-03 19:12:00'),
(32, 1, 'RCDJKUSER0008', '2024-10-06 19:27:00', '13812345678', 79, 99, '正常', 90, '正常', 110, '高血压', 170, '高血压', 91, '正常', 6.6, '偏高', 362, 36.7, '轻度风险', '血压明显偏高', 7.6, 3354, 57.8, 'MANUAL', '2024-10-06 19:27:00', '2024-10-06 19:51:00'),
(33, 1, 'RCDJKUSER0007', '2024-10-22 10:21:00', '13812345678', 79, 97, '正常', 90, '正常', 93, '高血压', 146, '高血压', 89, '正常', 6.3, '偏高', 282, 37.1, '轻度风险', '无', 6.8, 3782, 57.3, 'DEVICE', '2024-10-22 10:21:00', '2024-10-22 10:38:00'),
(34, 1, 'RCDJKUSER0008', '2024-10-31 21:41:00', '13812345678', 79, 98, '正常', 72, '正常', 84, '偏高', 126, '偏高', 72, '正常', 8.2, '高血糖', 415, 36.6, '轻度风险', '血糖控制不佳', 6.4, 5254, 58.0, 'DEVICE', '2024-10-31 21:41:00', '2024-10-31 21:50:00'),
(35, 1, 'RCDJKUSER0006', '2024-11-04 07:46:00', '13812345678', 79, 95, '正常', 71, '正常', 82, '偏高', 137, '偏高', 69, '正常', 8.9, '高血糖', 352, 36.5, '轻度风险', '血糖控制不佳', 8.0, 3795, 57.9, 'MANUAL', '2024-11-04 07:46:00', '2024-11-04 07:55:00'),
(36, 1, 'RCDJKUSER0005', '2024-11-17 08:17:00', '13812345678', 79, 95, '正常', 85, '正常', 90, '高血压', 162, '高血压', 88, '正常', 7.7, '高血糖', 402, 36.4, '中度风险', '血压明显偏高', 6.6, 3755, 59.9, 'DEVICE', '2024-11-17 08:17:00', '2024-11-17 08:20:00'),
(37, 1, 'RCDJKUSER0009', '2024-11-24 21:31:00', '13812345678', 79, 100, '正常', 90, '正常', 82, '偏高', 127, '偏高', 91, '正常', 8.4, '高血糖', 386, 36.4, '轻度风险', '血糖控制不佳', 7.0, 5533, 57.7, 'DEVICE', '2024-11-24 21:31:00', '2024-11-24 21:45:00'),
(38, 1, 'RCDJKUSER0003', '2024-12-02 20:55:00', '13812345678', 79, 98, '正常', 84, '正常', 88, '高血压', 159, '高血压', 86, '正常', 7.7, '高血糖', 300, 37.0, '中度风险', '血压明显偏高', 5.9, 3711, 58.7, 'MANUAL', '2024-12-02 20:55:00', '2024-12-02 21:08:00'),
(39, 1, 'RCDJKUSER0003', '2024-12-11 10:18:00', '13812345678', 79, 97, '正常', 67, '正常', 87, '偏高', 136, '偏高', 69, '正常', 6.6, '偏高', 330, 36.5, '正常', '无', 6.6, 5230, 57.7, 'DEVICE', '2024-12-11 10:18:00', '2024-12-11 10:44:00'),
(40, 1, 'RCDJKUSER0007', '2024-12-19 07:10:00', '13812345678', 79, 99, '正常', 79, '正常', 84, '偏高', 134, '偏高', 76, '正常', 7.7, '高血糖', 418, 36.6, '轻度风险', '无', 6.7, 3329, 58.8, 'IMPORT', '2024-12-19 07:10:00', '2024-12-19 07:20:00'),
(41, 2, 'RCDJKUSER0009', '2024-01-02 10:44:00', '13987654321', 76, 100, '正常', 66, '正常', 109, '高血压', 179, '高血压', 66, '正常', 5.5, '正常', 411, 36.5, '轻度风险', '血压明显偏高', 7.6, 3004, 71.0, 'DEVICE', '2024-01-02 10:44:00', '2024-01-02 10:57:00'),
(42, 2, 'RCDJKUSER0003', '2024-01-09 09:39:00', '13987654321', 76, 100, '正常', 73, '正常', 91, '高血压', 141, '高血压', 74, '正常', 6.5, '偏高', 287, 36.6, '轻度风险', '无', 7.9, 5493, 71.4, 'DEVICE', '2024-01-09 09:39:00', '2024-01-09 09:56:00'),
(43, 2, 'RCDJKUSER0003', '2024-01-16 10:05:00', '13987654321', 76, 95, '正常', 91, '正常', 98, '高血压', 143, '高血压', 89, '正常', 4.5, '正常', 403, 36.9, '轻度风险', '无', 8.0, 3998, 70.4, 'DEVICE', '2024-01-16 10:05:00', '2024-01-16 10:11:00'),
(44, 2, 'RCDJKUSER0006', '2024-01-25 19:55:00', '13987654321', 76, 98, '正常', 73, '正常', 96, '高血压', 165, '高血压', 76, '正常', 5.2, '正常', 405, 37.0, '轻度风险', '血压明显偏高', 7.7, 4829, 70.6, 'DEVICE', '2024-01-25 19:55:00', '2024-01-25 20:12:00'),
(45, 2, 'RCDJKUSER0010', '2024-02-04 21:29:00', '13987654321', 76, 91, '偏低', 78, '正常', 100, '高血压', 147, '高血压', 75, '正常', 6.4, '偏高', 318, 36.7, '中度风险', '血氧偏低', 6.7, 3151, 69.4, 'DEVICE', '2024-02-04 21:29:00', '2024-02-04 21:56:00'),
(46, 2, 'RCDJKUSER0009', '2024-02-17 10:06:00', '13987654321', 76, 98, '正常', 92, '正常', 94, '高血压', 144, '高血压', 94, '正常', 4.5, '正常', 381, 37.4, '轻度风险', '无', 7.1, 4345, 71.6, 'DEVICE', '2024-02-17 10:06:00', '2024-02-17 10:36:00'),
(47, 2, 'RCDJKUSER0001', '2024-02-27 10:55:00', '13987654321', 76, 99, '正常', 94, '正常', 98, '高血压', 160, '高血压', 93, '正常', 4.2, '正常', 305, 38.0, '中度风险', '血压明显偏高', 6.6, 5842, 69.9, 'MANUAL', '2024-02-27 10:55:00', '2024-02-27 11:05:00'),
(48, 2, 'RCDJKUSER0008', '2024-03-07 20:22:00', '13987654321', 76, 96, '正常', 86, '正常', 97, '高血压', 153, '高血压', 89, '正常', 4.8, '正常', 341, 36.5, '轻度风险', '血压明显偏高', 6.7, 5388, 69.4, 'IMPORT', '2024-03-07 20:22:00', '2024-03-07 20:30:00'),
(49, 2, 'RCDJKUSER0008', '2024-03-15 07:57:00', '13987654321', 76, 97, '正常', 79, '正常', 81, '偏高', 127, '偏高', 78, '正常', 6.7, '偏高', 396, 37.6, '轻度风险', '无', 7.6, 3815, 72.0, 'MANUAL', '2024-03-15 07:57:00', '2024-03-15 08:04:00'),
(50, 2, 'RCDJKUSER0004', '2024-03-24 09:36:00', '13987654321', 76, 100, '正常', 73, '正常', 94, '高血压', 161, '高血压', 70, '正常', 4.1, '正常', 407, 36.9, '轻度风险', '血压明显偏高', 7.6, 4172, 71.3, 'IMPORT', '2024-03-24 09:36:00', '2024-03-24 10:01:00'),
(51, 2, 'RCDJKUSER0006', '2024-03-29 08:39:00', '13987654321', 76, 100, '正常', 85, '正常', 82, '偏高', 135, '偏高', 82, '正常', 4.9, '正常', 373, 36.9, '正常', '无', 7.3, 3369, 71.7, 'IMPORT', '2024-03-29 08:39:00', '2024-03-29 08:52:00'),
(52, 2, 'RCDJKUSER0004', '2024-04-13 08:50:00', '13987654321', 76, 97, '正常', 73, '正常', 90, '高血压', 148, '高血压', 76, '正常', 5.7, '正常', 309, 37.2, '轻度风险', '无', 6.7, 3308, 69.4, 'IMPORT', '2024-04-13 08:50:00', '2024-04-13 09:13:00'),
(53, 2, 'RCDJKUSER0004', '2024-04-21 21:54:00', '13987654321', 76, 97, '正常', 73, '正常', 88, '高血压', 152, '高血压', 74, '正常', 4.5, '正常', 377, 36.6, '轻度风险', '血压明显偏高', 7.6, 4521, 69.3, 'DEVICE', '2024-04-21 21:54:00', '2024-04-21 21:54:00'),
(54, 2, 'RCDJKUSER0003', '2024-05-01 20:58:00', '13987654321', 76, 100, '正常', 74, '正常', 99, '高血压', 154, '高血压', 76, '正常', 6.4, '偏高', 406, 36.4, '轻度风险', '血压明显偏高', 5.8, 3961, 71.7, 'DEVICE', '2024-05-01 20:58:00', '2024-05-01 21:12:00'),
(55, 2, 'RCDJKUSER0002', '2024-05-06 10:37:00', '13987654321', 76, 96, '正常', 91, '正常', 81, '偏高', 135, '偏高', 91, '正常', 5.4, '正常', 335, 37.1, '正常', '无', 6.6, 3967, 71.6, 'IMPORT', '2024-05-06 10:37:00', '2024-05-06 10:48:00'),
(56, 2, 'RCDJKUSER0004', '2024-05-17 09:03:00', '13987654321', 76, 96, '正常', 67, '正常', 108, '高血压', 179, '高血压', 69, '正常', 6.1, '偏高', 365, 36.9, '轻度风险', '血压明显偏高', 6.1, 3515, 71.4, 'MANUAL', '2024-05-17 09:03:00', '2024-05-17 09:29:00'),
(57, 2, 'RCDJKUSER0001', '2024-05-23 19:37:00', '13987654321', 76, 96, '正常', 93, '正常', 100, '高血压', 144, '高血压', 94, '正常', 4.3, '正常', 344, 37.1, '轻度风险', '无', 7.5, 3450, 71.0, 'MANUAL', '2024-05-23 19:37:00', '2024-05-23 19:37:00'),
(58, 2, 'RCDJKUSER0001', '2024-06-07 08:37:00', '13987654321', 76, 96, '正常', 78, '正常', 99, '高血压', 144, '高血压', 79, '正常', 4.7, '正常', 307, 36.4, '轻度风险', '无', 6.6, 3907, 71.8, 'IMPORT', '2024-06-07 08:37:00', '2024-06-07 09:02:00'),
(59, 2, 'RCDJKUSER0010', '2024-06-16 20:29:00', '13987654321', 76, 95, '正常', 78, '正常', 94, '高血压', 155, '高血压', 80, '正常', 5.8, '正常', 362, 36.9, '轻度风险', '血压明显偏高', 7.0, 3269, 69.4, 'IMPORT', '2024-06-16 20:29:00', '2024-06-16 20:47:00'),
(60, 2, 'RCDJKUSER0008', '2024-06-20 09:24:00', '13987654321', 76, 93, '偏低', 90, '正常', 89, '高血压', 153, '高血压', 92, '正常', 6.6, '偏高', 335, 36.9, '中度风险', '血压明显偏高；血氧偏低', 6.6, 3935, 70.2, 'DEVICE', '2024-06-20 09:24:00', '2024-06-20 09:37:00'),
(61, 2, 'RCDJKUSER0009', '2024-07-01 20:27:00', '13987654321', 76, 97, '正常', 94, '正常', 98, '高血压', 144, '高血压', 94, '正常', 4.2, '正常', 375, 37.0, '轻度风险', '无', 7.5, 5278, 69.2, 'IMPORT', '2024-07-01 20:27:00', '2024-07-01 20:37:00'),
(62, 2, 'RCDJKUSER0009', '2024-07-11 21:22:00', '13987654321', 76, 98, '正常', 95, '正常', 80, '偏高', 136, '偏高', 94, '正常', 4.4, '正常', 403, 36.6, '正常', '无', 6.1, 3443, 70.1, 'DEVICE', '2024-07-11 21:22:00', '2024-07-11 21:25:00'),
(63, 2, 'RCDJKUSER0005', '2024-07-21 19:51:00', '13987654321', 76, 99, '正常', 84, '正常', 110, '高血压', 179, '高血压', 86, '正常', 6.8, '偏高', 348, 36.3, '轻度风险', '血压明显偏高', 5.6, 4119, 71.1, 'DEVICE', '2024-07-21 19:51:00', '2024-07-21 20:02:00'),
(64, 2, 'RCDJKUSER0001', '2024-07-28 08:36:00', '13987654321', 76, 95, '正常', 67, '正常', 88, '高血压', 160, '高血压', 69, '正常', 4.3, '正常', 359, 36.6, '轻度风险', '血压明显偏高', 7.3, 5324, 70.8, 'MANUAL', '2024-07-28 08:36:00', '2024-07-28 08:41:00'),
(65, 2, 'RCDJKUSER0007', '2024-08-06 18:43:00', '13987654321', 76, 98, '正常', 78, '正常', 87, '偏高', 132, '偏高', 77, '正常', 4.2, '正常', 404, 36.8, '正常', '无', 6.8, 4263, 69.1, 'IMPORT', '2024-08-06 18:43:00', '2024-08-06 18:44:00'),
(66, 2, 'RCDJKUSER0008', '2024-08-14 09:13:00', '13987654321', 76, 97, '正常', 80, '正常', 88, '高血压', 143, '高血压', 82, '正常', 4.5, '正常', 370, 36.4, '轻度风险', '无', 5.7, 3173, 70.3, 'MANUAL', '2024-08-14 09:13:00', '2024-08-14 09:40:00'),
(67, 2, 'RCDJKUSER0010', '2024-08-26 10:36:00', '13987654321', 76, 100, '正常', 65, '正常', 94, '高血压', 143, '高血压', 64, '正常', 5.4, '正常', 372, 37.2, '轻度风险', '无', 5.7, 3433, 69.7, 'DEVICE', '2024-08-26 10:36:00', '2024-08-26 10:52:00'),
(68, 2, 'RCDJKUSER0003', '2024-09-03 09:47:00', '13987654321', 76, 97, '正常', 81, '正常', 81, '偏高', 126, '偏高', 82, '正常', 5.9, '正常', 317, 37.0, '正常', '无', 6.1, 3599, 69.8, 'IMPORT', '2024-09-03 09:47:00', '2024-09-03 09:51:00'),
(69, 2, 'RCDJKUSER0005', '2024-09-14 18:11:00', '13987654321', 76, 93, '偏低', 86, '正常', 87, '偏高', 137, '偏高', 87, '正常', 5.9, '正常', 360, 37.2, '轻度风险', '血氧偏低', 5.9, 3279, 70.4, 'DEVICE', '2024-09-14 18:11:00', '2024-09-14 18:29:00'),
(70, 2, 'RCDJKUSER0006', '2024-09-24 07:19:00', '13987654321', 76, 95, '正常', 85, '正常', 89, '高血压', 149, '高血压', 88, '正常', 4.8, '正常', 290, 37.4, '轻度风险', '无', 6.6, 5341, 71.0, 'IMPORT', '2024-09-24 07:19:00', '2024-09-24 07:34:00'),
(71, 2, 'RCDJKUSER0006', '2024-09-30 07:28:00', '13987654321', 76, 97, '正常', 85, '正常', 109, '高血压', 167, '高血压', 83, '正常', 6.6, '偏高', 320, 36.9, '轻度风险', '血压明显偏高', 6.4, 4158, 70.2, 'IMPORT', '2024-09-30 07:28:00', '2024-09-30 07:47:00'),
(72, 2, 'RCDJKUSER0007', '2024-10-06 09:04:00', '13987654321', 76, 99, '正常', 88, '正常', 84, '偏高', 129, '偏高', 91, '正常', 6.4, '偏高', 316, 37.1, '正常', '无', 7.8, 4270, 71.9, 'MANUAL', '2024-10-06 09:04:00', '2024-10-06 09:23:00'),
(73, 2, 'RCDJKUSER0003', '2024-10-19 18:19:00', '13987654321', 76, 100, '正常', 86, '正常', 82, '偏高', 138, '偏高', 88, '正常', 5.1, '正常', 388, 37.0, '正常', '无', 6.8, 3074, 70.1, 'MANUAL', '2024-10-19 18:19:00', '2024-10-19 18:29:00'),
(74, 2, 'RCDJKUSER0007', '2024-10-27 21:12:00', '13987654321', 76, 96, '正常', 68, '正常', 100, '高血压', 149, '高血压', 69, '正常', 6.1, '偏高', 366, 37.1, '轻度风险', '无', 7.7, 5531, 69.4, 'MANUAL', '2024-10-27 21:12:00', '2024-10-27 21:17:00'),
(75, 2, 'RCDJKUSER0004', '2024-11-06 08:46:00', '13987654321', 76, 98, '正常', 79, '正常', 91, '高血压', 163, '高血压', 80, '正常', 5.1, '正常', 359, 37.0, '轻度风险', '血压明显偏高', 7.9, 4921, 71.7, 'DEVICE', '2024-11-06 08:46:00', '2024-11-06 09:07:00'),
(76, 2, 'RCDJKUSER0009', '2024-11-14 21:29:00', '13987654321', 76, 98, '正常', 91, '正常', 90, '高血压', 153, '高血压', 89, '正常', 5.3, '正常', 375, 36.4, '轻度风险', '血压明显偏高', 6.9, 3420, 71.1, 'MANUAL', '2024-11-14 21:29:00', '2024-11-14 21:38:00'),
(77, 2, 'RCDJKUSER0002', '2024-11-23 08:17:00', '13987654321', 76, 99, '正常', 95, '正常', 89, '高血压', 153, '高血压', 93, '正常', 6.5, '偏高', 381, 37.1, '轻度风险', '血压明显偏高', 6.8, 3965, 70.2, 'DEVICE', '2024-11-23 08:17:00', '2024-11-23 08:24:00'),
(78, 2, 'RCDJKUSER0003', '2024-12-05 07:53:00', '13987654321', 76, 97, '正常', 74, '正常', 80, '偏高', 127, '偏高', 77, '正常', 4.9, '正常', 281, 37.0, '正常', '无', 7.8, 3077, 69.8, 'IMPORT', '2024-12-05 07:53:00', '2024-12-05 08:23:00'),
(79, 2, 'RCDJKUSER0003', '2024-12-09 21:07:00', '13987654321', 76, 96, '正常', 78, '正常', 91, '高血压', 141, '高血压', 80, '正常', 5.8, '正常', 417, 36.7, '轻度风险', '无', 5.5, 5110, 70.7, 'DEVICE', '2024-12-09 21:07:00', '2024-12-09 21:20:00'),
(80, 2, 'RCDJKUSER0005', '2024-12-24 09:15:00', '13987654321', 76, 96, '正常', 67, '正常', 85, '偏高', 126, '偏高', 68, '正常', 4.0, '正常', 400, 37.0, '正常', '无', 5.6, 4584, 71.9, 'IMPORT', '2024-12-24 09:15:00', '2024-12-24 09:15:00'),
(81, 3, 'RCDJKUSER0007', '2024-01-01 18:20:00', '13755556666', 72, 94, '偏低', 85, '正常', 82, '偏高', 111, '偏高', 83, '正常', 5.3, '正常', 349, 37.1, '正常', '无', 5.8, 7507, 74.3, 'IMPORT', '2024-01-01 18:20:00', '2024-01-01 18:34:00'),
(82, 3, 'RCDJKUSER0005', '2024-01-13 21:21:00', '13755556666', 72, 93, '偏低', 90, '正常', 74, '偏高', 126, '偏高', 87, '正常', 5.6, '正常', 419, 36.4, '轻度风险', '血氧偏低', 6.2, 6420, 73.2, 'DEVICE', '2024-01-13 21:21:00', '2024-01-13 21:35:00'),
(83, 3, 'RCDJKUSER0001', '2024-01-16 21:10:00', '13755556666', 72, 97, '正常', 78, '正常', 79, '偏高', 121, '偏高', 77, '正常', 5.3, '正常', 383, 37.0, '正常', '无', 6.4, 8782, 73.5, 'MANUAL', '2024-01-16 21:10:00', '2024-01-16 21:37:00'),
(84, 3, 'RCDJKUSER0006', '2024-01-27 21:02:00', '13755556666', 72, 96, '正常', 77, '正常', 75, '偏高', 121, '偏高', 78, '正常', 4.7, '正常', 393, 36.4, '正常', '无', 7.4, 8350, 73.4, 'DEVICE', '2024-01-27 21:02:00', '2024-01-27 21:12:00'),
(85, 3, 'RCDJKUSER0003', '2024-02-04 19:07:00', '13755556666', 72, 96, '正常', 82, '正常', 84, '偏高', 122, '偏高', 79, '正常', 6.0, '正常', 353, 36.5, '正常', '无', 7.2, 8011, 73.6, 'MANUAL', '2024-02-04 19:07:00', '2024-02-04 19:21:00'),
(86, 3, 'RCDJKUSER0004', '2024-02-17 10:05:00', '13755556666', 72, 97, '正常', 82, '正常', 78, '正常', 112, '正常', 81, '正常', 5.9, '正常', 324, 37.1, '正常', '无', 7.5, 8083, 73.7, 'MANUAL', '2024-02-17 10:05:00', '2024-02-17 10:12:00'),
(87, 3, 'RCDJKUSER0006', '2024-02-26 18:23:00', '13755556666', 72, 97, '正常', 84, '正常', 72, '偏高', 127, '偏高', 81, '正常', 5.0, '正常', 385, 36.7, '正常', '无', 7.4, 8354, 73.2, 'IMPORT', '2024-02-26 18:23:00', '2024-02-26 18:25:00'),
(88, 3, 'RCDJKUSER0004', '2024-03-06 09:08:00', '13755556666', 72, 99, '正常', 95, '正常', 82, '偏高', 115, '偏高', 93, '正常', 4.2, '正常', 319, 37.1, '正常', '无', 6.3, 6663, 74.0, 'DEVICE', '2024-03-06 09:08:00', '2024-03-06 09:38:00'),
(89, 3, 'RCDJKUSER0010', '2024-03-11 20:54:00', '13755556666', 72, 96, '正常', 69, '正常', 74, '偏高', 127, '偏高', 71, '正常', 4.3, '正常', 319, 36.8, '正常', '无', 5.9, 8557, 75.2, 'DEVICE', '2024-03-11 20:54:00', '2024-03-11 21:20:00'),
(90, 3, 'RCDJKUSER0007', '2024-03-26 18:52:00', '13755556666', 72, 95, '正常', 85, '正常', 74, '偏高', 128, '偏高', 83, '正常', 5.0, '正常', 419, 36.7, '正常', '无', 6.2, 7237, 74.4, 'DEVICE', '2024-03-26 18:52:00', '2024-03-26 19:06:00'),
(91, 3, 'RCDJKUSER0002', '2024-04-02 07:10:00', '13755556666', 72, 98, '正常', 69, '正常', 79, '偏高', 120, '偏高', 68, '正常', 6.4, '偏高', 382, 36.6, '正常', '无', 5.8, 7517, 74.5, 'DEVICE', '2024-04-02 07:10:00', '2024-04-02 07:17:00'),
(92, 3, 'RCDJKUSER0009', '2024-04-12 09:28:00', '13755556666', 72, 95, '正常', 84, '正常', 83, '偏高', 122, '偏高', 84, '正常', 4.7, '正常', 360, 37.1, '正常', '无', 6.0, 6652, 74.5, 'DEVICE', '2024-04-12 09:28:00', '2024-04-12 09:43:00'),
(93, 3, 'RCDJKUSER0007', '2024-04-22 21:01:00', '13755556666', 72, 98, '正常', 83, '正常', 73, '正常', 117, '正常', 82, '正常', 5.7, '正常', 400, 36.6, '正常', '无', 6.2, 6033, 75.5, 'MANUAL', '2024-04-22 21:01:00', '2024-04-22 21:29:00'),
(94, 3, 'RCDJKUSER0002', '2024-04-27 09:48:00', '13755556666', 72, 95, '正常', 71, '正常', 78, '偏高', 128, '偏高', 70, '正常', 5.5, '正常', 351, 36.4, '正常', '无', 7.6, 8552, 75.0, 'MANUAL', '2024-04-27 09:48:00', '2024-04-27 09:51:00'),
(95, 3, 'RCDJKUSER0010', '2024-05-05 09:35:00', '13755556666', 72, 91, '偏低', 66, '正常', 78, '偏高', 122, '偏高', 63, '正常', 5.0, '正常', 318, 36.9, '轻度风险', '血氧偏低', 7.0, 8111, 73.4, 'DEVICE', '2024-05-05 09:35:00', '2024-05-05 09:40:00'),
(96, 3, 'RCDJKUSER0001', '2024-05-13 09:37:00', '13755556666', 72, 99, '正常', 80, '正常', 74, '偏高', 128, '偏高', 83, '正常', 4.8, '正常', 358, 36.6, '正常', '无', 7.5, 8970, 75.6, 'IMPORT', '2024-05-13 09:37:00', '2024-05-13 09:52:00'),
(97, 3, 'RCDJKUSER0003', '2024-05-25 08:46:00', '13755556666', 72, 98, '正常', 91, '正常', 82, '偏高', 129, '偏高', 91, '正常', 5.9, '正常', 308, 36.9, '正常', '无', 6.0, 7806, 73.9, 'DEVICE', '2024-05-25 08:46:00', '2024-05-25 09:08:00'),
(98, 3, 'RCDJKUSER0006', '2024-06-05 10:55:00', '13755556666', 72, 100, '正常', 71, '正常', 78, '正常', 114, '正常', 72, '正常', 4.6, '正常', 324, 36.9, '正常', '无', 6.6, 8183, 74.0, 'IMPORT', '2024-06-05 10:55:00', '2024-06-05 11:19:00'),
(99, 3, 'RCDJKUSER0002', '2024-06-12 20:39:00', '13755556666', 72, 96, '正常', 95, '正常', 73, '正常', 119, '正常', 94, '正常', 5.0, '正常', 402, 36.9, '正常', '无', 6.4, 8955, 73.8, 'IMPORT', '2024-06-12 20:39:00', '2024-06-12 21:00:00'),
(100, 3, 'RCDJKUSER0003', '2024-06-25 10:52:00', '13755556666', 72, 96, '正常', 67, '正常', 81, '偏高', 119, '偏高', 66, '正常', 4.4, '正常', 417, 36.9, '正常', '无', 6.2, 8302, 75.1, 'MANUAL', '2024-06-25 10:52:00', '2024-06-25 11:11:00'),
(101, 3, 'RCDJKUSER0008', '2024-07-03 19:15:00', '13755556666', 72, 99, '正常', 68, '正常', 70, '正常', 117, '正常', 68, '正常', 4.3, '正常', 420, 36.7, '正常', '无', 7.9, 6646, 74.2, 'DEVICE', '2024-07-03 19:15:00', '2024-07-03 19:35:00'),
(102, 3, 'RCDJKUSER0001', '2024-07-08 09:20:00', '13755556666', 72, 95, '正常', 83, '正常', 87, '偏高', 131, '偏高', 81, '正常', 6.9, '偏高', 324, 37.0, '正常', '无', 6.5, 6720, 75.8, 'DEVICE', '2024-07-08 09:20:00', '2024-07-08 09:45:00'),
(103, 3, 'RCDJKUSER0002', '2024-07-22 09:56:00', '13755556666', 72, 97, '正常', 75, '正常', 84, '偏高', 113, '偏高', 74, '正常', 5.8, '正常', 314, 36.9, '正常', '无', 7.6, 7917, 73.8, 'DEVICE', '2024-07-22 09:56:00', '2024-07-22 10:01:00'),
(104, 3, 'RCDJKUSER0002', '2024-07-31 20:45:00', '13755556666', 72, 100, '正常', 86, '正常', 79, '正常', 119, '正常', 89, '正常', 4.8, '正常', 389, 36.8, '正常', '无', 6.8, 6355, 74.2, 'MANUAL', '2024-07-31 20:45:00', '2024-07-31 20:49:00'),
(105, 3, 'RCDJKUSER0007', '2024-08-09 08:00:00', '13755556666', 72, 96, '正常', 74, '正常', 75, '正常', 118, '正常', 75, '正常', 5.4, '正常', 295, 36.3, '正常', '无', 7.2, 7906, 73.9, 'IMPORT', '2024-08-09 08:00:00', '2024-08-09 08:16:00'),
(106, 3, 'RCDJKUSER0004', '2024-08-16 20:44:00', '13755556666', 72, 97, '正常', 95, '正常', 73, '正常', 117, '正常', 93, '正常', 6.4, '偏高', 420, 36.7, '正常', '无', 7.8, 8201, 75.4, 'MANUAL', '2024-08-16 20:44:00', '2024-08-16 21:05:00'),
(107, 3, 'RCDJKUSER0004', '2024-08-27 18:33:00', '13755556666', 72, 100, '正常', 66, '正常', 71, '偏高', 128, '偏高', 69, '正常', 4.3, '正常', 363, 36.8, '正常', '无', 7.6, 7809, 73.3, 'IMPORT', '2024-08-27 18:33:00', '2024-08-27 18:51:00'),
(108, 3, 'RCDJKUSER0007', '2024-09-03 10:51:00', '13755556666', 72, 96, '正常', 66, '正常', 79, '偏高', 124, '偏高', 67, '正常', 4.8, '正常', 280, 37.0, '正常', '无', 7.4, 8368, 73.2, 'DEVICE', '2024-09-03 10:51:00', '2024-09-03 11:13:00'),
(109, 3, 'RCDJKUSER0009', '2024-09-14 07:59:00', '13755556666', 72, 98, '正常', 89, '正常', 72, '偏高', 123, '偏高', 87, '正常', 4.8, '正常', 377, 37.2, '正常', '无', 6.6, 7546, 74.1, 'MANUAL', '2024-09-14 07:59:00', '2024-09-14 08:19:00'),
(110, 3, 'RCDJKUSER0006', '2024-09-19 18:11:00', '13755556666', 72, 91, '偏低', 65, '正常', 83, '偏高', 117, '偏高', 68, '正常', 5.1, '正常', 416, 36.6, '轻度风险', '血氧偏低', 6.4, 6940, 73.7, 'MANUAL', '2024-09-19 18:11:00', '2024-09-19 18:19:00'),
(111, 3, 'RCDJKUSER0004', '2024-10-03 07:02:00', '13755556666', 72, 98, '正常', 71, '正常', 73, '正常', 110, '正常', 68, '正常', 5.4, '正常', 292, 36.3, '正常', '无', 6.1, 6181, 74.2, 'IMPORT', '2024-10-03 07:02:00', '2024-10-03 07:08:00'),
(112, 3, 'RCDJKUSER0009', '2024-10-07 18:08:00', '13755556666', 72, 97, '正常', 83, '正常', 75, '偏高', 128, '偏高', 84, '正常', 5.8, '正常', 413, 37.0, '正常', '无', 6.1, 7230, 73.8, 'IMPORT', '2024-10-07 18:08:00', '2024-10-07 18:36:00'),
(113, 3, 'RCDJKUSER0004', '2024-10-16 19:40:00', '13755556666', 72, 99, '正常', 86, '正常', 80, '偏高', 121, '偏高', 86, '正常', 4.3, '正常', 376, 36.6, '正常', '无', 6.0, 8203, 74.4, 'DEVICE', '2024-10-16 19:40:00', '2024-10-16 20:07:00'),
(114, 3, 'RCDJKUSER0001', '2024-10-30 21:58:00', '13755556666', 72, 98, '正常', 69, '正常', 87, '偏高', 138, '偏高', 69, '正常', 5.8, '正常', 374, 36.5, '正常', '无', 5.7, 8967, 75.5, 'DEVICE', '2024-10-30 21:58:00', '2024-10-30 22:10:00'),
(115, 3, 'RCDJKUSER0008', '2024-11-09 18:55:00', '13755556666', 72, 99, '正常', 80, '正常', 73, '偏高', 127, '偏高', 78, '正常', 6.1, '偏高', 328, 36.6, '正常', '无', 7.9, 6480, 75.2, 'MANUAL', '2024-11-09 18:55:00', '2024-11-09 19:17:00'),
(116, 3, 'RCDJKUSER0006', '2024-11-15 19:25:00', '13755556666', 72, 99, '正常', 79, '正常', 76, '正常', 119, '正常', 80, '正常', 5.8, '正常', 399, 36.6, '正常', '无', 5.7, 8959, 74.4, 'MANUAL', '2024-11-15 19:25:00', '2024-11-15 19:36:00'),
(117, 3, 'RCDJKUSER0006', '2024-11-21 07:36:00', '13755556666', 72, 100, '正常', 94, '正常', 78, '正常', 118, '正常', 95, '正常', 4.7, '正常', 377, 36.7, '正常', '无', 6.9, 7006, 74.5, 'DEVICE', '2024-11-21 07:36:00', '2024-11-21 08:00:00'),
(118, 3, 'RCDJKUSER0001', '2024-12-02 21:29:00', '13755556666', 72, 97, '正常', 70, '正常', 77, '偏高', 127, '偏高', 71, '正常', 5.7, '正常', 299, 38.2, '轻度风险', '无', 7.9, 8737, 73.1, 'DEVICE', '2024-12-02 21:29:00', '2024-12-02 21:33:00'),
(119, 3, 'RCDJKUSER0001', '2024-12-10 19:04:00', '13755556666', 72, 95, '正常', 66, '正常', 75, '偏高', 124, '偏高', 67, '正常', 6.7, '偏高', 284, 37.1, '正常', '无', 5.5, 8259, 74.2, 'IMPORT', '2024-12-10 19:04:00', '2024-12-10 19:27:00'),
(120, 3, 'RCDJKUSER0007', '2024-12-18 09:01:00', '13755556666', 72, 100, '正常', 94, '正常', 71, '正常', 115, '正常', 91, '正常', 4.5, '正常', 370, 36.5, '正常', '无', 6.2, 7625, 73.2, 'DEVICE', '2024-12-18 09:01:00', '2024-12-18 09:19:00')
;

-- assessment_result 表数据

INSERT INTO assessment_result (id, elder_id, assessment_time, window_start_date, window_end_date, data_quality_flag, data_quality_notes, overall_risk_level, overall_risk_score, disease_overall_score, lifestyle_risk_score, trend_risk_score, comorbidity_count, main_diseases, topsis_score, ahp_weight_disease, ahp_weight_lifestyle, ahp_weight_trend, disease_summary_json, lifestyle_anomaly_score, sleep_mean_hours, steps_mean, lifestyle_risk_factors, trend_risk_flag, trend_notes, advice_level, advice_text_elder, advice_text_family, key_risk_factors, reason_summary, reason_struct_json, pipeline_version, disease_model_version, lifestyle_model_version, trend_model_version, fuse_strategy, extra_meta_json, created_at) VALUES

(1, 1, '2024-02-10 10:00:00', '2024-01-11', '2024-02-10', 'LACK', '窗口期内有3条记录', 'HIGH', 87, 57.1, 23.36, 10.54, 2, '高血压;2型糖尿病', 0.815, 0.535, 0.315, 0.15, '{"overall_risk_level": "HIGH", "score": 87, "hypertension": {"level": "1级", "score": 77.33}, "diabetes": {"level": "高血糖", "score": 48.33}}', 0.152, 6.7, 4012, '无明显危险因素', 'STABLE', '整体指标相对稳定', 'OUTPATIENT', '您目前血压和血糖控制需要加强，请按时服药，注意饮食，如有不适及时就医。', '建议家属协助监测老人血压和血糖，督促按时服药，定期复查。', '血压偏高；血糖控制不佳；多病共存', '综合考虑血压、血糖及生活方式因素，当前风险评分为87.0分。', '{"top_factors": ["血压偏高", "血糖控制不佳", "多病共存"], "note": "综合考虑血压、血糖及生活方式因素，当前风险评分为87.0分。"}', 'PIPELINE_v1.0', 'DISEASE_v1.0', 'LIFESTYLE_v1.0', 'TREND_v1.0', 'AHP+TOPSIS_v1', '{"source": "SIMULATED", "record_count": 3}', '2024-02-10 10:00:00'),
(2, 1, '2024-03-22 10:00:00', '2024-02-21', '2024-03-22', 'LACK', '窗口期内有3条记录', 'MEDIUM', 62, 36.25, 17.37, 5.96, 2, '高血压;2型糖尿病', 0.35, 0.514, 0.32, 0.166, '{"overall_risk_level": "MEDIUM", "score": 62, "hypertension": {"level": "正常", "score": 30.67}, "diabetes": {"level": "高血糖", "score": 30.0}}', 0.169, 6.2, 4246, '无明显危险因素', 'STABLE', '整体指标相对稳定', 'OBSERVE', '您目前血压和血糖控制需要加强，请按时服药，注意饮食，如有不适及时就医。', '建议家属协助监测老人血压和血糖，督促按时服药，定期复查。', '血糖控制不佳；多病共存', '综合考虑血压、血糖及生活方式因素，当前风险评分为62.0分。', '{"top_factors": ["血糖控制不佳", "多病共存"], "note": "综合考虑血压、血糖及生活方式因素，当前风险评分为62.0分。"}', 'PIPELINE_v1.0', 'DISEASE_v1.0', 'LIFESTYLE_v1.0', 'TREND_v1.0', 'AHP+TOPSIS_v1', '{"source": "SIMULATED", "record_count": 3}', '2024-03-22 10:00:00'),
(3, 1, '2024-05-01 10:00:00', '2024-04-01', '2024-05-01', 'LACK', '窗口期内有3条记录', 'HIGH', 90, 56.84, 27.66, 12.58, 2, '高血压;2型糖尿病', 0.326, 0.46, 0.303, 0.237, '{"overall_risk_level": "HIGH", "score": 90, "hypertension": {"level": "1级", "score": 76.0}, "diabetes": {"level": "高血糖", "score": 50.33}}', 0.042, 6.4, 4337, '无明显危险因素', 'STABLE', '整体指标相对稳定', 'OUTPATIENT', '您目前血压和血糖控制需要加强，请按时服药，注意饮食，如有不适及时就医。', '建议家属协助监测老人血压和血糖，督促按时服药，定期复查。', '血压偏高；血糖控制不佳；多病共存', '综合考虑血压、血糖及生活方式因素，当前风险评分为90.0分。', '{"top_factors": ["血压偏高", "血糖控制不佳", "多病共存"], "note": "综合考虑血压、血糖及生活方式因素，当前风险评分为90.0分。"}', 'PIPELINE_v1.0', 'DISEASE_v1.0', 'LIFESTYLE_v1.0', 'TREND_v1.0', 'AHP+TOPSIS_v1', '{"source": "SIMULATED", "record_count": 3}', '2024-05-01 10:00:00'),
(4, 1, '2024-06-11 10:00:00', '2024-05-12', '2024-06-11', 'LACK', '窗口期内有3条记录', 'HIGH', 98, 58.56, 24.87, 5.54, 2, '高血压;2型糖尿病', 0.638, 0.543, 0.34, 0.117, '{"overall_risk_level": "HIGH", "score": 98, "hypertension": {"level": "1级", "score": 57.33}, "diabetes": {"level": "高血糖", "score": 32.0}}', 0.007, 6.6, 4782, '无明显危险因素', 'STABLE', '整体指标相对稳定', 'OUTPATIENT', '您目前血压和血糖控制需要加强，请按时服药，注意饮食，如有不适及时就医。', '建议家属协助监测老人血压和血糖，督促按时服药，定期复查。', '血压偏高；血糖控制不佳；多病共存', '综合考虑血压、血糖及生活方式因素，当前风险评分为98.0分。', '{"top_factors": ["血压偏高", "血糖控制不佳", "多病共存"], "note": "综合考虑血压、血糖及生活方式因素，当前风险评分为98.0分。"}', 'PIPELINE_v1.0', 'DISEASE_v1.0', 'LIFESTYLE_v1.0', 'TREND_v1.0', 'AHP+TOPSIS_v1', '{"source": "SIMULATED", "record_count": 3}', '2024-06-11 10:00:00'),
(5, 1, '2024-07-21 10:00:00', '2024-06-21', '2024-07-21', 'LACK', '窗口期内有3条记录', 'HIGH', 70, 37.16, 18.07, 3.44, 2, '高血压;2型糖尿病', 0.857, 0.532, 0.332, 0.136, '{"overall_risk_level": "HIGH", "score": 70, "hypertension": {"level": "正常", "score": 26.67}, "diabetes": {"level": "高血糖", "score": 26.67}}', 0.06, 7.2, 4148, '无明显危险因素', 'STABLE', '整体指标相对稳定', 'OUTPATIENT', '您目前血压和血糖控制需要加强，请按时服药，注意饮食，如有不适及时就医。', '建议家属协助监测老人血压和血糖，督促按时服药，定期复查。', '血糖控制不佳；多病共存', '综合考虑血压、血糖及生活方式因素，当前风险评分为70.0分。', '{"top_factors": ["血糖控制不佳", "多病共存"], "note": "综合考虑血压、血糖及生活方式因素，当前风险评分为70.0分。"}', 'PIPELINE_v1.0', 'DISEASE_v1.0', 'LIFESTYLE_v1.0', 'TREND_v1.0', 'AHP+TOPSIS_v1', '{"source": "SIMULATED", "record_count": 3}', '2024-07-21 10:00:00'),
(6, 1, '2024-08-31 10:00:00', '2024-08-01', '2024-08-31', 'LACK', '窗口期内有3条记录', 'HIGH', 88, 50.2, 29.75, 7.69, 2, '高血压;2型糖尿病', 0.753, 0.54, 0.283, 0.177, '{"overall_risk_level": "HIGH", "score": 88, "hypertension": {"level": "1级", "score": 50.0}, "diabetes": {"level": "高血糖", "score": 32.0}}', 0.028, 6.6, 5099, '无明显危险因素', 'STABLE', '整体指标相对稳定', 'OUTPATIENT', '您目前血压和血糖控制需要加强，请按时服药，注意饮食，如有不适及时就医。', '建议家属协助监测老人血压和血糖，督促按时服药，定期复查。', '血压偏高；血糖控制不佳；多病共存', '综合考虑血压、血糖及生活方式因素，当前风险评分为88.0分。', '{"top_factors": ["血压偏高", "血糖控制不佳", "多病共存"], "note": "综合考虑血压、血糖及生活方式因素，当前风险评分为88.0分。"}', 'PIPELINE_v1.0', 'DISEASE_v1.0', 'LIFESTYLE_v1.0', 'TREND_v1.0', 'AHP+TOPSIS_v1', '{"source": "SIMULATED", "record_count": 3}', '2024-08-31 10:00:00'),
(7, 1, '2024-10-10 10:00:00', '2024-09-10', '2024-10-10', 'LACK', '窗口期内有4条记录', 'HIGH', 82, 49.21, 29.34, 3.74, 2, '高血压;2型糖尿病', 0.504, 0.494, 0.334, 0.172, '{"overall_risk_level": "HIGH", "score": 82, "hypertension": {"level": "1级", "score": 47.5}, "diabetes": {"level": "高血糖", "score": 30.75}}', 0.154, 6.9, 4413, '无明显危险因素', 'STABLE', '整体指标相对稳定', 'OUTPATIENT', '您目前血压和血糖控制需要加强，请按时服药，注意饮食，如有不适及时就医。', '建议家属协助监测老人血压和血糖，督促按时服药，定期复查。', '血压偏高；血糖控制不佳；多病共存', '综合考虑血压、血糖及生活方式因素，当前风险评分为82.0分。', '{"top_factors": ["血压偏高", "血糖控制不佳", "多病共存"], "note": "综合考虑血压、血糖及生活方式因素，当前风险评分为82.0分。"}', 'PIPELINE_v1.0', 'DISEASE_v1.0', 'LIFESTYLE_v1.0', 'TREND_v1.0', 'AHP+TOPSIS_v1', '{"source": "SIMULATED", "record_count": 4}', '2024-10-10 10:00:00'),
(8, 1, '2024-11-20 10:00:00', '2024-10-21', '2024-11-20', 'LACK', '窗口期内有4条记录', 'HIGH', 89, 52.37, 29.44, 4.2, 2, '高血压;2型糖尿病', 0.594, 0.477, 0.349, 0.174, '{"overall_risk_level": "HIGH", "score": 89, "hypertension": {"level": "1级", "score": 45.5}, "diabetes": {"level": "高血糖", "score": 27.75}}', 0.071, 7.0, 4146, '无明显危险因素', 'STABLE', '整体指标相对稳定', 'OUTPATIENT', '您目前血压和血糖控制需要加强，请按时服药，注意饮食，如有不适及时就医。', '建议家属协助监测老人血压和血糖，督促按时服药，定期复查。', '血压偏高；血糖控制不佳；多病共存', '综合考虑血压、血糖及生活方式因素，当前风险评分为89.0分。', '{"top_factors": ["血压偏高", "血糖控制不佳", "多病共存"], "note": "综合考虑血压、血糖及生活方式因素，当前风险评分为89.0分。"}', 'PIPELINE_v1.0', 'DISEASE_v1.0', 'LIFESTYLE_v1.0', 'TREND_v1.0', 'AHP+TOPSIS_v1', '{"source": "SIMULATED", "record_count": 4}', '2024-11-20 10:00:00'),
(9, 2, '2024-02-10 10:00:00', '2024-01-11', '2024-02-10', 'LACK', '窗口期内有3条记录', 'MEDIUM', 67, 39.52, 21.9, 8.31, 1, '高血压', 0.779, 0.459, 0.312, 0.229, '{"overall_risk_level": "MEDIUM", "score": 67, "hypertension": {"level": "1级", "score": 63.33}, "diabetes": {"level": "正常", "score": 3.67}}', 0.443, 7.5, 3992, '缺乏运动；吸烟', 'STABLE', '整体指标相对稳定', 'OBSERVE', '您的血压波动较大，建议继续控制盐摄入，减少吸烟，保持规律作息。', '建议家属关注老人血压变化，协助记录测量数据，鼓励戒烟。', '血压偏高', '综合考虑血压、血糖及生活方式因素，当前风险评分为67.0分。', '{"top_factors": ["血压偏高"], "note": "综合考虑血压、血糖及生活方式因素，当前风险评分为67.0分。"}', 'PIPELINE_v1.0', 'DISEASE_v1.0', 'LIFESTYLE_v1.0', 'TREND_v1.0', 'AHP+TOPSIS_v1', '{"source": "SIMULATED", "record_count": 3}', '2024-02-10 10:00:00'),
(10, 2, '2024-03-22 10:00:00', '2024-02-21', '2024-03-22', 'LACK', '窗口期内有3条记录', 'MEDIUM', 47, 25.88, 12.9, 7.54, 1, '高血压', 0.516, 0.465, 0.289, 0.246, '{"overall_risk_level": "MEDIUM", "score": 47, "hypertension": {"level": "1级", "score": 53.33}, "diabetes": {"level": "正常", "score": 2.33}}', 0.018, 7.0, 5015, '吸烟', 'STABLE', '整体指标相对稳定', 'OBSERVE', '您的血压波动较大，建议继续控制盐摄入，减少吸烟，保持规律作息。', '建议家属关注老人血压变化，协助记录测量数据，鼓励戒烟。', '血压偏高', '综合考虑血压、血糖及生活方式因素，当前风险评分为47.0分。', '{"top_factors": ["血压偏高"], "note": "综合考虑血压、血糖及生活方式因素，当前风险评分为47.0分。"}', 'PIPELINE_v1.0', 'DISEASE_v1.0', 'LIFESTYLE_v1.0', 'TREND_v1.0', 'AHP+TOPSIS_v1', '{"source": "SIMULATED", "record_count": 3}', '2024-03-22 10:00:00'),
(11, 2, '2024-05-01 10:00:00', '2024-04-01', '2024-05-01', 'LACK', '窗口期内有3条记录', 'MEDIUM', 64, 37.85, 21.81, 2.42, 1, '高血压', 0.634, 0.459, 0.293, 0.248, '{"overall_risk_level": "MEDIUM", "score": 64, "hypertension": {"level": "1级", "score": 62.67}, "diabetes": {"level": "正常", "score": 5.33}}', 0.402, 6.7, 3930, '缺乏运动；吸烟', 'STABLE', '整体指标相对稳定', 'OBSERVE', '您的血压波动较大，建议继续控制盐摄入，减少吸烟，保持规律作息。', '建议家属关注老人血压变化，协助记录测量数据，鼓励戒烟。', '血压偏高', '综合考虑血压、血糖及生活方式因素，当前风险评分为64.0分。', '{"top_factors": ["血压偏高"], "note": "综合考虑血压、血糖及生活方式因素，当前风险评分为64.0分。"}', 'PIPELINE_v1.0', 'DISEASE_v1.0', 'LIFESTYLE_v1.0', 'TREND_v1.0', 'AHP+TOPSIS_v1', '{"source": "SIMULATED", "record_count": 3}', '2024-05-01 10:00:00'),
(12, 2, '2024-06-11 10:00:00', '2024-05-12', '2024-06-11', 'LACK', '窗口期内有3条记录', 'MEDIUM', 58, 30.06, 15.94, 1.73, 1, '高血压', 0.531, 0.51, 0.282, 0.208, '{"overall_risk_level": "MEDIUM", "score": 58, "hypertension": {"level": "1级", "score": 71.33}, "diabetes": {"level": "正常", "score": 0.33}}', 0.358, 6.7, 3624, '缺乏运动；吸烟', 'STABLE', '整体指标相对稳定', 'OBSERVE', '您的血压波动较大，建议继续控制盐摄入，减少吸烟，保持规律作息。', '建议家属关注老人血压变化，协助记录测量数据，鼓励戒烟。', '血压偏高', '综合考虑血压、血糖及生活方式因素，当前风险评分为58.0分。', '{"top_factors": ["血压偏高"], "note": "综合考虑血压、血糖及生活方式因素，当前风险评分为58.0分。"}', 'PIPELINE_v1.0', 'DISEASE_v1.0', 'LIFESTYLE_v1.0', 'TREND_v1.0', 'AHP+TOPSIS_v1', '{"source": "SIMULATED", "record_count": 3}', '2024-06-11 10:00:00'),
(13, 2, '2024-07-21 10:00:00', '2024-06-21', '2024-07-21', 'LACK', '窗口期内有3条记录', 'MEDIUM', 57, 36.99, 19.35, 6.3, 1, '高血压', 0.613, 0.549, 0.274, 0.177, '{"overall_risk_level": "MEDIUM", "score": 57, "hypertension": {"level": "1级", "score": 66.0}, "diabetes": {"level": "正常", "score": 1.33}}', 0.137, 6.4, 4280, '吸烟', 'STABLE', '整体指标相对稳定', 'OBSERVE', '您的血压波动较大，建议继续控制盐摄入，减少吸烟，保持规律作息。', '建议家属关注老人血压变化，协助记录测量数据，鼓励戒烟。', '血压偏高', '综合考虑血压、血糖及生活方式因素，当前风险评分为57.0分。', '{"top_factors": ["血压偏高"], "note": "综合考虑血压、血糖及生活方式因素，当前风险评分为57.0分。"}', 'PIPELINE_v1.0', 'DISEASE_v1.0', 'LIFESTYLE_v1.0', 'TREND_v1.0', 'AHP+TOPSIS_v1', '{"source": "SIMULATED", "record_count": 3}', '2024-07-21 10:00:00'),
(14, 2, '2024-08-31 10:00:00', '2024-08-01', '2024-08-31', 'LACK', '窗口期内有3条记录', 'MEDIUM', 40, 20.39, 10.01, 3.93, 1, '高血压', 0.553, 0.456, 0.293, 0.251, '{"overall_risk_level": "MEDIUM", "score": 40, "hypertension": {"level": "正常", "score": 38.67}, "diabetes": {"level": "正常", "score": 0}}', 0.397, 6.1, 3623, '缺乏运动；吸烟', 'STABLE', '整体指标相对稳定', 'OBSERVE', '您的血压波动较大，建议继续控制盐摄入，减少吸烟，保持规律作息。', '建议家属关注老人血压变化，协助记录测量数据，鼓励戒烟。', '无明显关键风险', '综合考虑血压、血糖及生活方式因素，当前风险评分为40.0分。', '{"top_factors": ["无明显异常"], "note": "综合考虑血压、血糖及生活方式因素，当前风险评分为40.0分。"}', 'PIPELINE_v1.0', 'DISEASE_v1.0', 'LIFESTYLE_v1.0', 'TREND_v1.0', 'AHP+TOPSIS_v1', '{"source": "SIMULATED", "record_count": 3}', '2024-08-31 10:00:00'),
(15, 2, '2024-10-10 10:00:00', '2024-09-10', '2024-10-10', 'LACK', '窗口期内有4条记录', 'MEDIUM', 47, 26.81, 18.54, 6.91, 1, '高血压', 0.575, 0.5, 0.312, 0.188, '{"overall_risk_level": "MEDIUM", "score": 47, "hypertension": {"level": "1级", "score": 51.0}, "diabetes": {"level": "正常", "score": 9.25}}', 0.027, 6.7, 4262, '吸烟', 'STABLE', '整体指标相对稳定', 'OBSERVE', '您的血压波动较大，建议继续控制盐摄入，减少吸烟，保持规律作息。', '建议家属关注老人血压变化，协助记录测量数据，鼓励戒烟。', '血压偏高', '综合考虑血压、血糖及生活方式因素，当前风险评分为47.0分。', '{"top_factors": ["血压偏高"], "note": "综合考虑血压、血糖及生活方式因素，当前风险评分为47.0分。"}', 'PIPELINE_v1.0', 'DISEASE_v1.0', 'LIFESTYLE_v1.0', 'TREND_v1.0', 'AHP+TOPSIS_v1', '{"source": "SIMULATED", "record_count": 4}', '2024-10-10 10:00:00'),
(16, 2, '2024-11-20 10:00:00', '2024-10-21', '2024-11-20', 'LACK', '窗口期内有3条记录', 'MEDIUM', 45, 31.49, 11.82, 5.7, 1, '高血压', 0.501, 0.53, 0.283, 0.187, '{"overall_risk_level": "MEDIUM", "score": 45, "hypertension": {"level": "1级", "score": 70.0}, "diabetes": {"level": "正常", "score": 5.0}}', 0.163, 7.5, 4624, '吸烟', 'STABLE', '整体指标相对稳定', 'OBSERVE', '您的血压波动较大，建议继续控制盐摄入，减少吸烟，保持规律作息。', '建议家属关注老人血压变化，协助记录测量数据，鼓励戒烟。', '血压偏高', '综合考虑血压、血糖及生活方式因素，当前风险评分为45.0分。', '{"top_factors": ["血压偏高"], "note": "综合考虑血压、血糖及生活方式因素，当前风险评分为45.0分。"}', 'PIPELINE_v1.0', 'DISEASE_v1.0', 'LIFESTYLE_v1.0', 'TREND_v1.0', 'AHP+TOPSIS_v1', '{"source": "SIMULATED", "record_count": 3}', '2024-11-20 10:00:00'),
(17, 3, '2024-02-10 10:00:00', '2024-01-11', '2024-02-10', 'LACK', '窗口期内有4条记录', 'LOW', 20, 16.74, 2.36, 0.21, 1, '高脂血症', 0.489, 0.545, 0.27, 0.185, '{"overall_risk_level": "LOW", "score": 20, "hypertension": {"level": "正常", "score": 5.0}, "diabetes": {"level": "正常", "score": 4.0}}', 0.193, 6.8, 7890, '无明显危险因素', 'STABLE', '整体指标相对稳定', 'OBSERVE', '您目前整体情况良好，继续保持规律运动和健康饮食，定期监测。', '老人健康状况良好，建议继续保持当前生活方式，定期体检。', '无明显关键风险', '综合考虑血压、血糖及生活方式因素，当前风险评分为20.0分。', '{"top_factors": ["无明显异常"], "note": "综合考虑血压、血糖及生活方式因素，当前风险评分为20.0分。"}', 'PIPELINE_v1.0', 'DISEASE_v1.0', 'LIFESTYLE_v1.0', 'TREND_v1.0', 'AHP+TOPSIS_v1', '{"source": "SIMULATED", "record_count": 4}', '2024-02-10 10:00:00'),
(18, 3, '2024-03-22 10:00:00', '2024-02-21', '2024-03-22', 'LACK', '窗口期内有3条记录', 'LOW', 10, 3.91, 4.95, 0.91, 1, '高脂血症', 0.526, 0.508, 0.274, 0.218, '{"overall_risk_level": "LOW", "score": 10, "hypertension": {"level": "正常", "score": 6.0}, "diabetes": {"level": "正常", "score": 0}}', 0.163, 6.5, 7858, '无明显危险因素', 'STABLE', '整体指标相对稳定', 'OBSERVE', '您目前整体情况良好，继续保持规律运动和健康饮食，定期监测。', '老人健康状况良好，建议继续保持当前生活方式，定期体检。', '无明显关键风险', '综合考虑血压、血糖及生活方式因素，当前风险评分为10.0分。', '{"top_factors": ["无明显异常"], "note": "综合考虑血压、血糖及生活方式因素，当前风险评分为10.0分。"}', 'PIPELINE_v1.0', 'DISEASE_v1.0', 'LIFESTYLE_v1.0', 'TREND_v1.0', 'AHP+TOPSIS_v1', '{"source": "SIMULATED", "record_count": 3}', '2024-03-22 10:00:00'),
(19, 3, '2024-05-01 10:00:00', '2024-04-01', '2024-05-01', 'LACK', '窗口期内有4条记录', 'LOW', 12, 5.85, 7.92, -1.8, 1, '高脂血症', 0.761, 0.55, 0.268, 0.182, '{"overall_risk_level": "LOW", "score": 12, "hypertension": {"level": "正常", "score": 3.5}, "diabetes": {"level": "正常", "score": 5.75}}', 0.005, 6.4, 7188, '无明显危险因素', 'STABLE', '整体指标相对稳定', 'OBSERVE', '您目前整体情况良好，继续保持规律运动和健康饮食，定期监测。', '老人健康状况良好，建议继续保持当前生活方式，定期体检。', '无明显关键风险', '综合考虑血压、血糖及生活方式因素，当前风险评分为12.0分。', '{"top_factors": ["无明显异常"], "note": "综合考虑血压、血糖及生活方式因素，当前风险评分为12.0分。"}', 'PIPELINE_v1.0', 'DISEASE_v1.0', 'LIFESTYLE_v1.0', 'TREND_v1.0', 'AHP+TOPSIS_v1', '{"source": "SIMULATED", "record_count": 4}', '2024-05-01 10:00:00'),
(20, 3, '2024-06-11 10:00:00', '2024-05-12', '2024-06-11', 'LACK', '窗口期内有3条记录', 'LOW', 14, 12.83, 1.3, 4.38, 1, '高脂血症', 0.809, 0.533, 0.257, 0.21, '{"overall_risk_level": "LOW", "score": 14, "hypertension": {"level": "正常", "score": 7.33}, "diabetes": {"level": "正常", "score": 1.0}}', 0.159, 6.7, 8319, '无明显危险因素', 'STABLE', '整体指标相对稳定', 'OBSERVE', '您目前整体情况良好，继续保持规律运动和健康饮食，定期监测。', '老人健康状况良好，建议继续保持当前生活方式，定期体检。', '无明显关键风险', '综合考虑血压、血糖及生活方式因素，当前风险评分为14.0分。', '{"top_factors": ["无明显异常"], "note": "综合考虑血压、血糖及生活方式因素，当前风险评分为14.0分。"}', 'PIPELINE_v1.0', 'DISEASE_v1.0', 'LIFESTYLE_v1.0', 'TREND_v1.0', 'AHP+TOPSIS_v1', '{"source": "SIMULATED", "record_count": 3}', '2024-06-11 10:00:00'),
(21, 3, '2024-07-21 10:00:00', '2024-06-21', '2024-07-21', 'LACK', '窗口期内有3条记录', 'LOW', 15, 5.39, 2.53, -0.97, 1, '高脂血症', 0.526, 0.465, 0.292, 0.243, '{"overall_risk_level": "LOW", "score": 15, "hypertension": {"level": "正常", "score": 4.67}, "diabetes": {"level": "正常", "score": 2.0}}', 0.09, 6.9, 7222, '无明显危险因素', 'STABLE', '整体指标相对稳定', 'OBSERVE', '您目前整体情况良好，继续保持规律运动和健康饮食，定期监测。', '老人健康状况良好，建议继续保持当前生活方式，定期体检。', '无明显关键风险', '综合考虑血压、血糖及生活方式因素，当前风险评分为15.0分。', '{"top_factors": ["无明显异常"], "note": "综合考虑血压、血糖及生活方式因素，当前风险评分为15.0分。"}', 'PIPELINE_v1.0', 'DISEASE_v1.0', 'LIFESTYLE_v1.0', 'TREND_v1.0', 'AHP+TOPSIS_v1', '{"source": "SIMULATED", "record_count": 3}', '2024-07-21 10:00:00'),
(22, 3, '2024-08-31 10:00:00', '2024-08-01', '2024-08-31', 'LACK', '窗口期内有3条记录', 'LOW', 19, 11.19, 4.71, 1.97, 1, '高脂血症', 0.626, 0.542, 0.319, 0.139, '{"overall_risk_level": "LOW", "score": 19, "hypertension": {"level": "正常", "score": 2.0}, "diabetes": {"level": "正常", "score": 3.67}}', 0.158, 7.5, 7972, '无明显危险因素', 'STABLE', '整体指标相对稳定', 'OBSERVE', '您目前整体情况良好，继续保持规律运动和健康饮食，定期监测。', '老人健康状况良好，建议继续保持当前生活方式，定期体检。', '无明显关键风险', '综合考虑血压、血糖及生活方式因素，当前风险评分为19.0分。', '{"top_factors": ["无明显异常"], "note": "综合考虑血压、血糖及生活方式因素，当前风险评分为19.0分。"}', 'PIPELINE_v1.0', 'DISEASE_v1.0', 'LIFESTYLE_v1.0', 'TREND_v1.0', 'AHP+TOPSIS_v1', '{"source": "SIMULATED", "record_count": 3}', '2024-08-31 10:00:00'),
(23, 3, '2024-10-10 10:00:00', '2024-09-10', '2024-10-10', 'LACK', '窗口期内有4条记录', 'LOW', 11, 8.62, 6.42, 2.04, 1, '高脂血症', 0.449, 0.541, 0.261, 0.198, '{"overall_risk_level": "LOW", "score": 11, "hypertension": {"level": "正常", "score": -1.0}, "diabetes": {"level": "正常", "score": 2.75}}', 0.133, 6.3, 6974, '无明显危险因素', 'STABLE', '整体指标相对稳定', 'OBSERVE', '您目前整体情况良好，继续保持规律运动和健康饮食，定期监测。', '老人健康状况良好，建议继续保持当前生活方式，定期体检。', '无明显关键风险', '综合考虑血压、血糖及生活方式因素，当前风险评分为11.0分。', '{"top_factors": ["无明显异常"], "note": "综合考虑血压、血糖及生活方式因素，当前风险评分为11.0分。"}', 'PIPELINE_v1.0', 'DISEASE_v1.0', 'LIFESTYLE_v1.0', 'TREND_v1.0', 'AHP+TOPSIS_v1', '{"source": "SIMULATED", "record_count": 4}', '2024-10-10 10:00:00'),
(24, 3, '2024-11-20 10:00:00', '2024-10-21', '2024-11-20', 'LACK', '窗口期内有3条记录', 'LOW', 5, 4.47, -3.06, 5.34, 1, '高脂血症', 0.752, 0.518, 0.29, 0.192, '{"overall_risk_level": "LOW", "score": 5, "hypertension": {"level": "正常", "score": 16.0}, "diabetes": {"level": "正常", "score": 9.0}}', 0.193, 6.4, 8135, '无明显危险因素', 'STABLE', '整体指标相对稳定', 'OBSERVE', '您目前整体情况良好，继续保持规律运动和健康饮食，定期监测。', '老人健康状况良好，建议继续保持当前生活方式，定期体检。', '无明显关键风险', '综合考虑血压、血糖及生活方式因素，当前风险评分为5.0分。', '{"top_factors": ["无明显异常"], "note": "综合考虑血压、血糖及生活方式因素，当前风险评分为5.0分。"}', 'PIPELINE_v1.0', 'DISEASE_v1.0', 'LIFESTYLE_v1.0', 'TREND_v1.0', 'AHP+TOPSIS_v1', '{"source": "SIMULATED", "record_count": 3}', '2024-11-20 10:00:00')
;

-- ai_consult_log 表数据

INSERT INTO ai_consult_log (id, elder_id, user_id, consult_time, channel, question, answer, ref_assessment_id, risk_level_at_time, model_version, created_at) VALUES

(1, 1, 1, '2024-10-11 10:00:00', 'ELDER', '我晚上老睡不着觉，会不会有大问题？', '血压控制需要综合管理，包括规律服药、低盐饮食、适量运动，建议定期监测并记录数据。', 7, 'HIGH', 'LLM_v1.0', '2024-10-11 10:00:00'),
(2, 1, 2, '2024-06-14 10:00:00', 'FAMILY', '血糖多少算正常？', '建议每天早晚各测一次血压，最好在固定时间测量，记录数据以便医生参考。', 4, 'HIGH', 'LLM_v1.0', '2024-06-14 10:00:00'),
(3, 1, 2, '2024-11-22 10:00:00', 'FAMILY', '最近几天老是头晕，是不是血压太高了？', '如果持续感到疲劳，可能与多种因素有关，建议结合最近的体检数据，必要时到医院做全面检查。', 8, 'HIGH', 'LLM_v1.0', '2024-11-22 10:00:00'),
(4, 1, 2, '2024-03-26 10:00:00', 'FAMILY', '我晚上老睡不着觉，会不会有大问题？', '睡眠问题可能与情绪和作息有关，建议调整作息时间，避免睡前饮用咖啡或茶，如仍无改善请咨询医生。', 2, 'MEDIUM', 'LLM_v1.0', '2024-03-26 10:00:00'),
(5, 1, 2, '2024-05-06 10:00:00', 'FAMILY', '血糖多少算正常？', '如果持续感到疲劳，可能与多种因素有关，建议结合最近的体检数据，必要时到医院做全面检查。', 3, 'HIGH', 'LLM_v1.0', '2024-05-06 10:00:00'),
(6, 2, 5, '2024-06-18 10:00:00', 'FAMILY', '最近感觉身体有点累，是不是有什么问题？', '睡眠问题可能与情绪和作息有关，建议调整作息时间，避免睡前饮用咖啡或茶，如仍无改善请咨询医生。', 12, 'MEDIUM', 'LLM_v1.0', '2024-06-18 10:00:00'),
(7, 2, 5, '2024-11-27 10:00:00', 'FAMILY', '我晚上老睡不着觉，会不会有大问题？', '血压控制需要综合管理，包括规律服药、低盐饮食、适量运动，建议定期监测并记录数据。', 16, 'MEDIUM', 'LLM_v1.0', '2024-11-27 10:00:00'),
(8, 2, 4, '2024-02-11 10:00:00', 'ELDER', '血糖多少算正常？', '睡眠问题可能与情绪和作息有关，建议调整作息时间，避免睡前饮用咖啡或茶，如仍无改善请咨询医生。', 9, 'MEDIUM', 'LLM_v1.0', '2024-02-11 10:00:00'),
(9, 2, 3, '2024-05-04 10:00:00', 'COMMUNITY', '测出来血糖有点高，需要马上吃药吗？', '血糖略高，建议控制饮食并增加适量运动，如多次复测仍高应尽快就诊内分泌科。', 11, 'MEDIUM', 'LLM_v1.0', '2024-05-04 10:00:00'),
(10, 2, 5, '2024-09-06 10:00:00', 'FAMILY', '最近走路有点喘，是不是心脏不好？', '建议每天早晚各测一次血压，最好在固定时间测量，记录数据以便医生参考。', 14, 'MEDIUM', 'LLM_v1.0', '2024-09-06 10:00:00'),
(11, 3, 3, '2024-05-03 10:00:00', 'COMMUNITY', '需要多久测一次血压？', '根据您最近的监测数据，血压确实偏高，建议您按时服药，控制盐摄入，如持续异常请到医院进一步检查。', 19, 'LOW', 'LLM_v1.0', '2024-05-03 10:00:00'),
(12, 3, 3, '2024-06-18 10:00:00', 'COMMUNITY', '需要多久测一次血压？', '根据您最近的监测数据，血压确实偏高，建议您按时服药，控制盐摄入，如持续异常请到医院进一步检查。', 20, 'LOW', 'LLM_v1.0', '2024-06-18 10:00:00'),
(13, 3, 3, '2024-06-14 10:00:00', 'COMMUNITY', '我晚上老睡不着觉，会不会有大问题？', '睡眠问题可能与情绪和作息有关，建议调整作息时间，避免睡前饮用咖啡或茶，如仍无改善请咨询医生。', 20, 'LOW', 'LLM_v1.0', '2024-06-14 10:00:00'),
(14, 3, 3, '2024-05-06 10:00:00', 'COMMUNITY', '最近走路有点喘，是不是心脏不好？', '如果持续感到疲劳，可能与多种因素有关，建议结合最近的体检数据，必要时到医院做全面检查。', 19, 'LOW', 'LLM_v1.0', '2024-05-06 10:00:00'),
(15, 3, 3, '2024-03-26 10:00:00', 'COMMUNITY', '血糖多少算正常？', '建议每天早晚各测一次血压，最好在固定时间测量，记录数据以便医生参考。', 18, 'LOW', 'LLM_v1.0', '2024-03-26 10:00:00')
;

