-- ========================================
-- 3位老人的完整虚拟数据
-- 生成时间: 2025-11-27
-- ========================================

-- 设置字符集
SET NAMES utf8mb4;
SET CHARACTER SET utf8mb4;

-- 使用数据库
USE health_assessment_db;

-- 清空现有数据（按外键依赖顺序）
SET FOREIGN_KEY_CHECKS = 0;
TRUNCATE TABLE ai_consult_log;
TRUNCATE TABLE assessment_result;
TRUNCATE TABLE health_record;
TRUNCATE TABLE elder_user_relation;
TRUNCATE TABLE user_account;
TRUNCATE TABLE elder_info;
SET FOREIGN_KEY_CHECKS = 1;

-- ========================================
-- elder_info 表数据
-- ========================================
INSERT INTO elder_info (id, name, gender, birthday, age, phone, address, height_cm, chronic_tags, status, remark, created_at, updated_at) VALUES
(1, '张秀英', 0, '1945-03-12', 79, '13812345678', '广州市天河区天福路88号颐康花园小区3栋502', 155.20, '高血压;2型糖尿病', 1, '行动稍慢，需扶手；日常能自理，女儿偶尔陪同复查', '2024-01-01 09:00:00', '2024-01-15 10:00:00'),
(2, '李强', 1, '1948-11-25', 76, '13987654321', '广州市天河区天福路88号颐康花园小区3栋402', 167.80, '高血压', 1, '有30年以上吸烟史，已在逐步减量；偶尔晨练太极', '2024-01-01 09:00:00', '2024-01-15 10:00:00'),
(3, '王磊', 1, '1952-07-03', 72, '13755556666', '广州市天河区天福路88号颐康花园小区2栋1203', 170.50, '高脂血症', 1, 'BMI略高，体重控制一般；喜欢晚间散步45分钟', '2024-01-01 09:00:00', '2024-01-15 10:00:00');

-- ========================================
-- user_account 表数据
-- ========================================
INSERT INTO user_account (id, username, password_hash, role, display_name, phone, email, status, last_login_at, created_at, updated_at) VALUES
(1, '13812345678', '$2b$12$examplehash', 'ELDER', '张秀英', '13812345678', 'elder1@example.com', 1, '2024-09-05 07:53:23', '2024-01-01 09:00:00', '2024-01-01 09:00:00'),
(2, '13812345679', '$2b$12$examplehash', 'FAMILY', '张秀英女儿', '13812345679', 'family1@example.com', 1, '2024-02-13 05:40:50', '2024-01-01 09:00:00', '2024-01-01 09:00:00'),
(3, '13800000001', '$2b$12$examplehash', 'COMMUNITY', '王医生', '13800000001', 'doctor@community.com', 1, '2024-01-10 17:07:01', '2024-01-01 09:00:00', '2024-01-01 09:00:00'),
(4, '13987654321', '$2b$12$examplehash', 'ELDER', '李强', '13987654321', 'elder2@example.com', 1, '2024-10-14 23:45:05', '2024-01-01 09:00:00', '2024-01-01 09:00:00'),
(5, '13987654322', '$2b$12$examplehash', 'FAMILY', '李强儿子', '13987654322', 'family2@example.com', 1, '2024-04-16 19:27:32', '2024-01-01 09:00:00', '2024-01-01 09:00:00'),
(6, '13755556666', '$2b$12$examplehash', 'ELDER', '王磊', '13755556666', 'elder3@example.com', 1, '2024-04-05 02:33:27', '2024-01-01 09:00:00', '2024-01-01 09:00:00');

-- ========================================
-- elder_user_relation 表数据
-- ========================================
INSERT INTO elder_user_relation (id, elder_id, user_id, relation_type, is_primary, created_at) VALUES
(1, 1, 1, 'SELF', 1, '2024-01-01 09:00:00'),
(2, 1, 2, 'CHILD', 0, '2024-01-01 09:00:00'),
(3, 1, 3, 'DOCTOR', 0, '2024-01-01 09:00:00'),
(4, 2, 4, 'SELF', 1, '2024-01-01 09:00:00'),
(5, 2, 5, 'CHILD', 0, '2024-01-01 09:00:00'),
(6, 2, 3, 'DOCTOR', 0, '2024-01-01 09:00:00'),
(7, 3, 6, 'SELF', 1, '2024-01-01 09:00:00'),
(8, 3, 3, 'DOCTOR', 0, '2024-01-01 09:00:00');

-- ========================================
-- health_record 表数据（根据实际表结构）
-- ========================================
INSERT INTO health_record (id, elder_id, tester_code, check_time, phone, age, spo2, spo2_status, heart_rate, heart_rate_status, diastolic_bp, diastolic_bp_status, systolic_bp, systolic_bp_status, pulse_rate, pulse_rate_status, blood_sugar, blood_sugar_status, uric_acid, body_temperature, health_risk_level, potential_risk_note, sleep_hours, steps, weight_kg, data_source, created_at) VALUES
-- 张秀英的健康记录（高血压+糖尿病患者）
(1, 1, 'T001', '2024-01-15 08:30:00', '13812345678', 79, 96, '正常', 78, '正常', 92, '偏高', 145, '偏高', 78, '正常', 7.2, '偏高', 320, 36.5, '中风险', '血压偏高，血糖偏高', 6.5, 3200, 58.50, 'MANUAL', '2024-01-15 08:30:00'),
(2, 1, 'T001', '2024-02-15 09:00:00', '13812345678', 79, 97, '正常', 76, '正常', 90, '偏高', 142, '偏高', 76, '正常', 7.0, '偏高', 315, 36.4, '中风险', '血压血糖有所改善', 7.0, 3500, 58.20, 'MANUAL', '2024-02-15 09:00:00'),
(3, 1, 'T001', '2024-03-15 08:45:00', '13812345678', 79, 97, '正常', 74, '正常', 88, '正常', 140, '偏高', 74, '正常', 6.8, '偏高', 310, 36.5, '低风险', '各项指标趋于稳定', 7.0, 4000, 57.80, 'MANUAL', '2024-03-15 08:45:00'),
(4, 1, 'T001', '2024-04-15 09:15:00', '13812345678', 79, 98, '正常', 72, '正常', 86, '正常', 138, '正常', 72, '正常', 6.5, '正常', 305, 36.4, '低风险', '血压血糖控制良好', 7.5, 4500, 57.50, 'MANUAL', '2024-04-15 09:15:00'),
(5, 1, 'T001', '2024-05-15 08:30:00', '13812345678', 79, 98, '正常', 70, '正常', 85, '正常', 136, '正常', 70, '正常', 6.3, '正常', 300, 36.5, '低风险', '持续改善中', 7.5, 4500, 57.30, 'MANUAL', '2024-05-15 08:30:00'),
(6, 1, 'T001', '2024-06-15 09:00:00', '13812345678', 79, 97, '正常', 72, '正常', 84, '正常', 135, '正常', 72, '正常', 6.2, '正常', 298, 36.6, '低风险', '天气炎热注意补水', 7.0, 4000, 57.00, 'MANUAL', '2024-06-15 09:00:00'),
(7, 1, 'T001', '2024-07-15 08:45:00', '13812345678', 79, 96, '正常', 74, '正常', 86, '正常', 138, '正常', 74, '正常', 6.4, '正常', 302, 36.5, '低风险', '夏季食欲下降', 6.5, 3500, 57.20, 'MANUAL', '2024-07-15 08:45:00'),
(8, 1, 'T001', '2024-08-15 09:00:00', '13812345678', 79, 97, '正常', 76, '正常', 88, '正常', 140, '偏高', 76, '正常', 6.6, '正常', 305, 36.4, '低风险', '恢复正常', 7.0, 4000, 57.50, 'MANUAL', '2024-08-15 09:00:00'),
(9, 1, 'T001', '2024-09-15 08:30:00', '13812345678', 79, 98, '正常', 73, '正常', 85, '正常', 137, '正常', 73, '正常', 6.3, '正常', 300, 36.5, '低风险', '秋季状态良好', 7.5, 4500, 57.30, 'MANUAL', '2024-09-15 08:30:00'),
(10, 1, 'T001', '2024-10-15 09:00:00', '13812345678', 79, 98, '正常', 71, '正常', 84, '正常', 135, '正常', 71, '正常', 6.1, '正常', 295, 36.4, '低风险', '各项指标优秀', 7.5, 5000, 57.00, 'MANUAL', '2024-10-15 09:00:00'),
-- 李强的健康记录（高血压+吸烟史）
(11, 2, 'T002', '2024-01-20 07:30:00', '13987654321', 76, 94, '偏低', 82, '偏高', 96, '偏高', 152, '偏高', 82, '偏高', 5.8, '正常', 380, 36.6, '高风险', '血压偏高，建议戒烟', 6.0, 2000, 72.50, 'MANUAL', '2024-01-20 07:30:00'),
(12, 2, 'T002', '2024-02-20 08:00:00', '13987654321', 76, 95, '正常', 80, '正常', 94, '偏高', 150, '偏高', 80, '正常', 5.7, '正常', 375, 36.5, '中风险', '减少吸烟量', 6.5, 2500, 72.00, 'MANUAL', '2024-02-20 08:00:00'),
(13, 2, 'T002', '2024-03-20 07:45:00', '13987654321', 76, 95, '正常', 78, '正常', 92, '偏高', 148, '偏高', 78, '正常', 5.6, '正常', 370, 36.5, '中风险', '吸烟量减半', 7.0, 3000, 71.50, 'MANUAL', '2024-03-20 07:45:00'),
(14, 2, 'T002', '2024-04-20 08:15:00', '13987654321', 76, 96, '正常', 76, '正常', 90, '偏高', 146, '偏高', 76, '正常', 5.5, '正常', 365, 36.4, '中风险', '已戒酒', 7.0, 3500, 71.00, 'MANUAL', '2024-04-20 08:15:00'),
(15, 2, 'T002', '2024-05-20 07:30:00', '13987654321', 76, 96, '正常', 74, '正常', 88, '正常', 144, '偏高', 74, '正常', 5.4, '正常', 360, 36.5, '低风险', '坚持太极锻炼', 7.5, 4000, 70.50, 'MANUAL', '2024-05-20 07:30:00'),
(16, 2, 'T002', '2024-06-20 08:00:00', '13987654321', 76, 97, '正常', 72, '正常', 86, '正常', 142, '偏高', 72, '正常', 5.3, '正常', 355, 36.4, '低风险', '成功戒烟', 7.5, 4500, 70.00, 'MANUAL', '2024-06-20 08:00:00'),
(17, 2, 'T002', '2024-07-20 07:45:00', '13987654321', 76, 97, '正常', 71, '正常', 85, '正常', 140, '偏高', 71, '正常', 5.2, '正常', 350, 36.5, '低风险', '夏季注意防暑', 7.0, 4000, 69.80, 'MANUAL', '2024-07-20 07:45:00'),
(18, 2, 'T002', '2024-08-20 08:00:00', '13987654321', 76, 97, '正常', 73, '正常', 86, '正常', 141, '偏高', 73, '正常', 5.3, '正常', 352, 36.4, '低风险', '状态稳定', 7.5, 4500, 70.00, 'MANUAL', '2024-08-20 08:00:00'),
(19, 2, 'T002', '2024-09-20 07:30:00', '13987654321', 76, 98, '正常', 70, '正常', 84, '正常', 138, '正常', 70, '正常', 5.1, '正常', 345, 36.5, '低风险', '各项指标明显改善', 8.0, 5000, 69.50, 'MANUAL', '2024-09-20 07:30:00'),
(20, 2, 'T002', '2024-10-20 08:00:00', '13987654321', 76, 98, '正常', 68, '正常', 82, '正常', 136, '正常', 68, '正常', 5.0, '正常', 340, 36.4, '低风险', '健康状况优秀', 8.0, 5500, 69.00, 'MANUAL', '2024-10-20 08:00:00'),
-- 王磊的健康记录（高脂血症+BMI偏高）
(21, 3, 'T003', '2024-01-25 19:30:00', '13755556666', 72, 97, '正常', 75, '正常', 82, '正常', 128, '正常', 75, '正常', 5.5, '正常', 420, 36.5, '中风险', '需控制体重和血脂', 6.0, 4500, 82.00, 'MANUAL', '2024-01-25 19:30:00'),
(22, 3, 'T003', '2024-02-25 20:00:00', '13755556666', 72, 97, '正常', 74, '正常', 80, '正常', 126, '正常', 74, '正常', 5.4, '正常', 410, 36.4, '中风险', '开始控制饮食', 6.5, 5000, 81.50, 'MANUAL', '2024-02-25 20:00:00'),
(23, 3, 'T003', '2024-03-25 19:45:00', '13755556666', 72, 97, '正常', 73, '正常', 80, '正常', 125, '正常', 73, '正常', 5.3, '正常', 400, 36.5, '低风险', '已戒酒', 7.0, 5500, 80.80, 'MANUAL', '2024-03-25 19:45:00'),
(24, 3, 'T003', '2024-04-25 20:15:00', '13755556666', 72, 98, '正常', 72, '正常', 78, '正常', 124, '正常', 72, '正常', 5.2, '正常', 390, 36.4, '低风险', '体重下降明显', 7.0, 6000, 80.00, 'MANUAL', '2024-04-25 20:15:00'),
(25, 3, 'T003', '2024-05-25 19:30:00', '13755556666', 72, 98, '正常', 71, '正常', 78, '正常', 122, '正常', 71, '正常', 5.1, '正常', 380, 36.5, '低风险', '血脂改善', 7.5, 6000, 79.20, 'MANUAL', '2024-05-25 19:30:00'),
(26, 3, 'T003', '2024-06-25 20:00:00', '13755556666', 72, 98, '正常', 70, '正常', 76, '正常', 120, '正常', 70, '正常', 5.0, '正常', 370, 36.4, '低风险', '各项指标趋于正常', 7.5, 6000, 78.50, 'MANUAL', '2024-06-25 20:00:00'),
(27, 3, 'T003', '2024-07-25 19:45:00', '13755556666', 72, 97, '正常', 69, '正常', 76, '正常', 118, '正常', 69, '正常', 4.9, '正常', 365, 36.5, '低风险', '夏季运动量略减', 7.0, 5500, 78.00, 'MANUAL', '2024-07-25 19:45:00'),
(28, 3, 'T003', '2024-08-25 20:00:00', '13755556666', 72, 98, '正常', 71, '正常', 78, '正常', 120, '正常', 71, '正常', 5.0, '正常', 368, 36.4, '低风险', '恢复正常运动', 7.5, 6000, 78.20, 'MANUAL', '2024-08-25 20:00:00'),
(29, 3, 'T003', '2024-09-25 19:30:00', '13755556666', 72, 98, '正常', 68, '正常', 76, '正常', 118, '正常', 68, '正常', 4.8, '正常', 360, 36.5, '低风险', '状态优秀', 8.0, 6500, 77.50, 'MANUAL', '2024-09-25 19:30:00'),
(30, 3, 'T003', '2024-10-25 20:00:00', '13755556666', 72, 99, '正常', 66, '正常', 74, '正常', 116, '正常', 66, '正常', 4.7, '正常', 355, 36.4, '低风险', '健康管理效果显著', 8.0, 7000, 77.00, 'MANUAL', '2024-10-25 20:00:00');

-- ========================================
-- assessment_result 表数据
-- ========================================
INSERT INTO assessment_result (id, elder_id, assessment_time, window_start_date, window_end_date, data_quality_flag, overall_risk_level, overall_risk_score, disease_overall_score, lifestyle_risk_score, trend_risk_score, comorbidity_count, main_diseases, advice_level, advice_text_elder, advice_text_family, key_risk_factors, reason_summary, pipeline_version, created_at) VALUES
(1, 1, '2024-01-15 10:00:00', '2024-01-01', '2024-01-15', 'OK', '中风险', 54.00, 62.00, 68.00, 45.00, 2, '高血压;2型糖尿病', '建议就医', '您的血压和血糖偏高，建议按时服药，保持低盐低糖饮食，每日适量运动30-45分钟，定期监测血压血糖。', '请关注老人的用药情况，协助监测血压血糖，陪同定期复查。', '血压偏高;血糖偏高', '高血压和糖尿病需要持续管理', 'v1.0', '2024-01-15 10:00:00'),
(2, 1, '2024-04-15 10:30:00', '2024-04-01', '2024-04-15', 'OK', '低风险', 38.00, 42.00, 78.00, 35.00, 2, '高血压;2型糖尿病', '继续保持', '各项指标明显改善，血压血糖控制良好。建议维持当前用药方案，继续健康饮食习惯，保持每日45分钟运动。', '老人健康状况良好，请继续支持其健康生活方式。', '无明显风险', '健康管理效果显著', 'v1.0', '2024-04-15 10:30:00'),
(3, 1, '2024-07-15 10:15:00', '2024-07-01', '2024-07-15', 'OK', '低风险', 41.00, 45.00, 72.00, 38.00, 2, '高血压;2型糖尿病', '继续保持', '夏季高温期间各项指标略有波动但仍在可控范围。建议注意防暑降温，保持充足睡眠，注意饮食卫生。', '夏季请关注老人防暑，确保充足饮水。', '季节性波动', '夏季需注意防暑', 'v1.0', '2024-07-15 10:15:00'),
(4, 1, '2024-10-15 10:00:00', '2024-10-01', '2024-10-15', 'OK', '低风险', 32.00, 35.00, 88.00, 28.00, 2, '高血压;2型糖尿病', '继续保持', '健康管理效果显著，各项指标均达到理想水平。建议继续保持良好生活习惯，秋冬季节注意保暖，预防感冒。', '老人健康状况优秀，秋冬季请注意保暖。', '无明显风险', '各项指标优秀', 'v1.0', '2024-10-15 10:00:00'),
(5, 2, '2024-01-20 09:00:00', '2024-01-01', '2024-01-20', 'OK', '高风险', 55.00, 78.00, 52.00, 60.00, 1, '高血压', '建议就医', '血压偏高，吸烟是主要风险因素。强烈建议戒烟，限制饮酒，增加有氧运动，低盐低脂饮食，定期监测血压。', '请支持老人戒烟，这将显著降低心血管疾病风险。', '血压偏高;吸烟', '吸烟是主要风险因素', 'v1.0', '2024-01-20 09:00:00'),
(6, 2, '2024-04-20 09:30:00', '2024-04-01', '2024-04-20', 'OK', '低风险', 43.00, 58.00, 72.00, 42.00, 1, '高血压', '继续保持', '吸烟量已减半，血压有所下降。戒酒效果良好，建议继续努力戒烟，坚持太极锻炼，控制盐分摄入。', '老人正在努力戒烟，请给予鼓励和支持。', '血压偏高', '戒烟进展良好', 'v1.0', '2024-04-20 09:30:00'),
(7, 2, '2024-07-20 09:15:00', '2024-07-01', '2024-07-20', 'OK', '低风险', 34.00, 42.00, 82.00, 32.00, 1, '高血压', '继续保持', '已成功戒烟一个月，血压接近正常。各项指标明显改善，建议继续保持健康生活方式，夏季注意防暑。', '恭喜老人成功戒烟！请继续支持其保持无烟生活。', '无明显风险', '戒烟成功，健康改善', 'v1.0', '2024-07-20 09:15:00'),
(8, 2, '2024-10-20 09:00:00', '2024-10-01', '2024-10-20', 'OK', '低风险', 27.00, 32.00, 92.00, 25.00, 1, '高血压', '继续保持', '戒烟4个月，健康状况显著改善。血压正常，各项指标优秀。建议继续保持无烟生活，秋冬注意保暖。', '老人健康状况优秀，戒烟带来的健康收益明显。', '无明显风险', '健康状况优秀', 'v1.0', '2024-10-20 09:00:00'),
(9, 3, '2024-01-25 21:00:00', '2024-01-01', '2024-01-25', 'OK', '中风险', 46.00, 35.00, 58.00, 55.00, 1, '高脂血症', '建议就医', 'BMI偏高，血脂超标。建议严格控制饮食，减少油脂摄入，增加运动量，控制体重，限制饮酒，定期检查血脂。', '请协助老人控制饮食，减少高脂肪食物摄入。', '血脂偏高;BMI偏高', '需要控制体重和血脂', 'v1.0', '2024-01-25 21:00:00'),
(10, 3, '2024-04-25 21:30:00', '2024-04-01', '2024-04-25', 'OK', '低风险', 36.00, 30.00, 72.00, 40.00, 1, '高脂血症', '继续保持', '体重下降2kg，血脂指标改善。建议继续控制饮食，保持每日60分钟运动，戒酒效果良好，定期复查血脂。', '老人体重控制效果良好，请继续支持其健康饮食。', '血脂略高', '体重控制有效', 'v1.0', '2024-04-25 21:30:00'),
(11, 3, '2024-07-25 21:15:00', '2024-07-01', '2024-07-25', 'OK', '低风险', 30.00, 28.00, 78.00, 32.00, 1, '高脂血症', '继续保持', '血脂指标接近正常范围，体重控制良好。夏季保持适度运动，注意补充水分，继续健康饮食，保持良好作息。', '老人健康状况良好，夏季请注意补水。', '无明显风险', '血脂接近正常', 'v1.0', '2024-07-25 21:15:00'),
(12, 3, '2024-10-25 21:00:00', '2024-10-01', '2024-10-25', 'OK', '低风险', 23.00, 22.00, 92.00, 22.00, 1, '高脂血症', '继续保持', '健康管理效果显著，体重从82kg降至77kg，血脂各项指标均恢复正常。建议长期保持健康生活习惯。', '老人健康管理非常成功，请继续支持其健康生活方式。', '无明显风险', '各项指标恢复正常', 'v1.0', '2024-10-25 21:00:00');

-- ========================================
-- ai_consult_log 表数据
-- ========================================
INSERT INTO ai_consult_log (id, elder_id, user_id, consult_time, channel, question, answer, ref_assessment_id, risk_level_at_time, model_version, created_at) VALUES
(1, 1, 1, '2024-01-16 10:30:00', 'APP', '我的血压最近有点高，需要注意什么？', '您好，根据您的健康记录，您的血压确实需要关注。建议：1.按时服用降压药物；2.减少盐分摄入，每日不超过5克；3.保持适度运动，如散步30分钟；4.避免情绪激动；5.保证充足睡眠。如血压持续升高，请及时就医。', 1, '中风险', 'gpt-4', '2024-01-16 10:30:00'),
(2, 1, 2, '2024-01-20 15:45:00', 'APP', '我妈妈的糖尿病饮食应该怎么安排？', '关于糖尿病饮食建议：1.主食选择粗粮，如燕麦、糙米，控制每餐100-150克；2.多吃绿叶蔬菜，每日500克以上；3.蛋白质选择鱼、鸡肉、豆腐；4.水果选择低糖水果如苹果、柚子，餐间少量食用；5.避免甜食、油炸食品；6.定时定量，少食多餐。', 1, '中风险', 'gpt-4', '2024-01-20 15:45:00'),
(3, 1, 1, '2024-02-05 09:15:00', 'APP', '我每天应该运动多长时间？', '根据您的身体状况，建议每天进行30-45分钟的中等强度运动。推荐活动：1.散步：每次30分钟，步速适中；2.太极拳：每次20-30分钟，有助于平衡和放松；3.简单体操：每次15分钟。注意：运动前后测量血压，避免空腹运动，随身携带糖果以防低血糖。', 1, '中风险', 'gpt-4', '2024-02-05 09:15:00'),
(4, 2, 4, '2024-02-10 08:30:00', 'APP', '戒烟有什么好方法？', '戒烟确实需要决心和方法。建议：1.设定戒烟日期，告知家人朋友获得支持；2.逐步减量，每周减少5支；3.用健康零食替代烟瘾，如坚果、水果；4.增加运动，转移注意力；5.避免吸烟场所和诱因；6.必要时可使用尼古丁贴片。您已有30年烟龄，戒烟后心血管风险会显著降低。', 5, '高风险', 'gpt-4', '2024-02-10 08:30:00'),
(5, 2, 5, '2024-04-25 16:20:00', 'APP', '我爸爸的血压控制得怎么样？', '根据最近的健康记录，血压控制情况正在改善。1月份血压152/96mmHg，目前已降至146/90mmHg。改善因素：减少吸烟、戒酒、增加运动。建议继续保持，目标血压140/90mmHg以下。如能完全戒烟，血压有望进一步下降。', 6, '低风险', 'gpt-4', '2024-04-25 16:20:00'),
(6, 2, 4, '2024-05-15 07:45:00', 'APP', '太极拳对我的健康有什么好处？', '太极拳对您的健康有多方面益处：1.降低血压：缓慢动作有助于放松血管；2.改善心肺功能：持续运动增强心肺耐力；3.增强平衡能力：预防跌倒；4.减轻压力：冥想式运动有助于心理放松；5.增强肌肉力量：特别是下肢力量。建议每天早晨练习30分钟，持之以恒效果更佳。', 6, '低风险', 'gpt-4', '2024-05-15 07:45:00'),
(7, 3, 6, '2024-01-28 20:15:00', 'APP', '我的血脂高应该怎么控制饮食？', '控制血脂的饮食建议：1.减少饱和脂肪：少吃肥肉、动物内脏、油炸食品；2.增加不饱和脂肪：适量食用橄榄油、坚果、深海鱼；3.多吃膳食纤维：燕麦、豆类、蔬菜有助于降低胆固醇；4.限制胆固醇摄入：每日不超过300mg；5.戒酒：酒精会升高甘油三酯。配合每日运动，血脂会逐步改善。', 9, '中风险', 'gpt-4', '2024-01-28 20:15:00'),
(8, 3, 6, '2024-03-10 19:30:00', 'APP', '晚上散步多长时间比较合适？', '根据您的情况，晚间散步建议：1.时间：45-60分钟为宜，您目前45分钟很合适；2.时段：晚餐后1小时开始，避免太晚影响睡眠；3.强度：中等步速，能正常交谈为准；4.路线：选择平坦、光线充足的路径；5.注意事项：穿舒适运动鞋，随身携带手机。散步有助于消化、控制体重、改善睡眠质量。', 9, '中风险', 'gpt-4', '2024-03-10 19:30:00'),
(9, 3, 6, '2024-04-28 20:45:00', 'APP', '我的体重下降了，这样正常吗？', '您的体重从82kg降至80kg，这是健康的减重。分析：1.减重速度适中：3个月减2kg，每月约0.7kg，安全健康；2.原因：饮食控制+规律运动的效果；3.益处：有助于降低血脂、减轻关节负担；4.目标：建议继续减至75kg左右（BMI约25）。请继续保持健康生活方式，避免快速减重。', 10, '低风险', 'gpt-4', '2024-04-28 20:45:00'),
(10, 1, 3, '2024-04-20 14:30:00', 'WEB', '张秀英的用药方案需要调整吗？', '根据近期健康数据分析：血压从145/92降至138/86mmHg，空腹血糖从7.2降至6.5mmol/L。建议：1.当前降压药方案有效，暂不调整；2.降糖药可考虑减量，需结合连续血糖监测；3.继续每月复查；4.如指标持续稳定3个月，可考虑药物减量。请结合临床判断。', 2, '低风险', 'gpt-4', '2024-04-20 14:30:00'),
(11, 2, 3, '2024-07-25 11:00:00', 'WEB', '李强戒烟后需要注意什么？', '戒烟后的注意事项：1.戒断症状：可能出现烦躁、食欲增加，通常2-4周缓解；2.体重管理：戒烟后食欲增加，注意控制饮食；3.肺功能恢复：戒烟后肺功能逐步改善，可增加有氧运动；4.心血管获益：1年后心脏病风险降低50%；5.复吸预防：避免吸烟环境，寻求家人支持。建议3个月后复查肺功能。', 7, '低风险', 'gpt-4', '2024-07-25 11:00:00'),
(12, 3, 3, '2024-06-28 15:45:00', 'WEB', '王磊的血脂指标恢复正常了吗？', '血脂变化分析：总胆固醇从6.2降至5.2mmol/L（正常<5.2），甘油三酯从2.8降至1.8mmol/L（正常<1.7），HDL-C从0.9升至1.2mmol/L（正常>1.0），LDL-C从4.2降至3.2mmol/L（正常<3.4）。评估：大部分指标已接近或达到正常范围，甘油三酯略高。建议继续饮食控制和运动，3个月后复查。', 11, '低风险', 'gpt-4', '2024-06-28 15:45:00');

-- 完成提示
SELECT '数据导入完成！' AS message;
SELECT COUNT(*) AS elder_count FROM elder_info;
SELECT COUNT(*) AS health_record_count FROM health_record;
SELECT COUNT(*) AS assessment_count FROM assessment_result;
